info_2,00:00.920,00:08.260,好，我们下面就来嗯接着刚才大家作业的话题来看一下第二章叫信息原理。,0,0,0
info_2,00:09.310,00:16.220,那我们第一节安排就是基于组织原理的设想，解释以组织和记忆检索怎么来顺序进行的问题。,0,0,0
info_2,00:16.310,00:21.390,那第二节呢是10课第一题，第三节呢是概念逻辑。,0,0,0
info_2,00:21.400,01:05.540,好，我们首先来看一下，通过刚才大家的作业，其实你也可以看到这样的一个收款，也就如果我想要做信息检索，也就是我们获取信息，那通过信息组织形成的有序化的信息集合，是被我们称为检索工具或者检索系统的，那你就是通过这样的工具来获取的，比如说大家提到的图书馆的书目检索，淘宝，啊包括你们的这种呃刚才有同学提到他PAD上面的这个软件，那是因为你先把自己的课程做好组织，下次你再找这个课程资料是不是就好找了，那么这也是有有序化的这种组织在前的。,0,0,0
info_2,01:05.810,01:12.600,好，那要想顺利的实施检索行为，前提就是要对性行为，但是光有这个够吗？,0,0,0
info_2,01:13.100,01:16.760,通过刚才大家作业，通过这个图你是联想到什么？,0,0,0
info_2,01:18.330,01:52.550,好，大家看一下这个图，这个图在网建呢我是安排了一个讨论，但是大家其实从作业中也可以体会到，那比如说你看这个图里面，如果对图书，我们假定我们的图书进入了一定的这种良好的信息图的，比如说刚才大家提到的以分类的形式，或者说我把它的特征也很准确的描述出来，但是一个孩子他是有心理需求的，而且甚至可能孩子性需求比大人还要更更加旺盛，但是他能表达吗？,0,0,0
info_2,01:53.730,02:15.550,他没有办法表达，也等于说我光有信息组织也是没有办法满足，或者说没有很好就是对，如果需求没有办法很好表达出来的那批人，其实我整个的信息获取是失败的，为什么？,0,0,0
info_2,02:16.030,02:18.420,呢大家想一下你碰到过这种场景吗？,0,0,0
info_2,02:18.570,02:26.330,虽然你会表达，但是如果你表达不合适，你是不是也查不到，嗯想过这个问题吗？,0,0,0
info_2,02:26.680,02:38.760,如果你觉得自己能力还可以的话，我把另外一个班明天上个班上的，马上要布置他们的检索题给你们布置就要看一下，看能不能找到。,0,0,0
info_2,02:39.770,02:45.440,啊唉那如果找不到，那你要问自己其实是真的没有吗？找不出来吗？,0,0,0
info_2,02:45.580,03:09.600,就像我说我20分钟完成的，可能我们同学一两天回头告诉我老师我查不到，原因出在哪，其实也就等于说这两方是不是都很重要，就等于说首先信息我要能够经过良好的组织，那我们的雪橇也要能够良好的表达，这是我们说第一信息的特征，能够用试刀的形式来表达。,0,0,0
info_2,03:09.740,03:20.740,第二用户的需求也能够以适当的去表达，这个适当的形式就是我们要学的什么，后面很具体的信息组织的方法了。,0,0,0
info_2,03:21.120,03:44.830,好，那么更重要的是我要能够通过匹配的过程，把经过前面各种两方要搭建起桥梁，这样我才能把跟用户需求相关的信息啊从信息集合有提取提取出来，那所以这个匹配的过程就有问题了。,0,0,0
info_2,03:46.230,03:58.070,那你觉得老师这不简单吗？你比如说就像刚才的淘宝，他用分类做了组织，那我就用分类去浏览，我不就可以检索到了吗？是这样吗？,0,0,0
info_2,03:58.640,04:04.350,或者他用了关键词的方法，我也用词的方法把我的需求表达清楚给他，可以吗？,0,0,0
info_2,04:04.840,04:18.370,当然方法没错，但是你的表达的过程会受到很多的影响，这个影响就是我们下面要讲到的信息组织的一些就是一些学科基础。,0,0,0
info_2,04:18.550,05:08.270,好，那么也就是基于刚才的三个假设，我们必须要有一种机制，能够把需求和我们的资源的市场形式表达来进行转换，那么这种转换的对等关系，以前在专业检索阶段不成问题，为什么呢在早期啊我们心理检索刚开始，因为我们像我刚上学的时候呃95年，大家想95年的时候，我是2000年买的第一台电脑花了我8000块钱，而且配置很差8000块，而且那时候我上大学的时候不能上网了，电脑上不了网，你要想向往呢最多就是收个邮件到哪去收，呢到洪山广场通过电信的那个总总局去去收，就是那种状态。,0,0,0
info_2,05:08.730,05:20.400,那个时候普通的人是不可能说我去完成一个自己平时这种需求检索的，那我们第一位同学的方法就很有效，应该是我干什么？,0,0,0
info_2,05:20.410,05:23.340,呀对对吧？,0,0,0
info_2,05:23.350,05:39.040,或者如果你经过检索的训练，熟练使用索引这一类工具，可以啊没有问题，那我当时学的更多的就是这些公民数，就是我我是既是信息组织人员，我又是亲子间隔离。,0,0,0
info_2,05:39.410,05:51.260,那我当时接过一个课题，在大三不是大三研一的时候，研一的时候，我的导师接了一个汉阳的一个工厂，他的一个需求这个需求是干什么？,0,0,0
info_2,05:51.270,06:04.800,呢他们通常想用有一种原料叫褪黑色素褪黑色素这种原料，我忘记他做什么了，他们要做一个检索报告，那企业是做不了的，为什么？,0,0,0
info_2,06:04.810,06:19.660,第一企业没有那么多工具书，没有那么多资源，第二代没有不养那个专业的人，那他就委托我的导师来做这个数据，那我当时怎么做的，呢我就到这个湖北省科技情报所，为什么要到那里去？,0,0,0
info_2,06:19.670,07:34.890,呢因为华师也没有这一点，因为华师毕竟是文科为主的师范院校，我们馆藏资源是有限的，涉及到湖北省科技情报所花了两个月时间，到最后那个笔记好几大本，然后最后给了他们一个检索报告，那我是专业的检索人员，因为我熟悉也就是我熟悉这种转换通知，其实我们这个转换技术就叫情报原作语言，你就是我要用专门的语言来表达我的需求，那没学过的人他显然是不太会的，但是后来呢大家想你们现在呢不一样了，吧尤其是网络，而且我们这里网络要限定在外部网出现了之后，其实出现是90年代初，但是传到中国大概就是我本科毕业的，我觉得中国的第一大检索系统，中国知网就是99年开始建的，最开始名字叫中国期刊网中国期刊，嘛因为他就开始只打算做期刊，后来发现唉呀他说期刊不够了，而且技术升级了之后速度加快了，你看就往现在多少资源第一大检索系统对吧？,0,0,0
info_2,07:35.140,08:08.770,也就是从那个时候开始，尤其是我们的互联网发展很快，外部出现大家都有自己的电脑，啊你都可以上网，搜索引擎出现了搜索引擎出现大概是在92年左右，但是最开始是目录是搜索引擎，就是针对体系的搜索引擎，后来才出现关键词是的，那么再后来大家电脑了，再后来大家都有手机了，然后有各种各样的智能设备了，你是不是随时都在想要通过这些设备能够通过这些设备来获取信息，场景完全这样的。,0,0,0
info_2,08:09.350,08:51.710,而且再一个就像我们以前实体店浏览，通过问来选择的商品，是不是都要数字化传到网上去了，淘宝出现了，那么甚至各种的到博物馆，现在你就不用去了，到武汉就不用来了，逛一下你们上武汉你什么什么都可以看，嗯是这样吧什么的数字化，那在这个过程中间，我们的这个前提是不是就慢慢的给打破了这个平衡，你就专业的人做专业的组织，带有这批人来做专业的检索，那这样效果当然好一些了，而且当时资源也没有这么多，呀也没有这么复杂呀类似，而现在类型很复杂对吧？,0,0,0
info_2,08:51.840,08:58.190,我们的组织信息人员发生了什么样的变化，大家想说吗？你是不是信息组织人员呢？,0,0,0
info_2,08:59.860,09:32.600,你是不是有同学像说我不是我们在这一季度工作，你是你随时的你的组织信息，你在网上发个朋友圈，你在网上那你就在什么信息了，你给个图片你不要急我传上去，你就成了信息体制的人，那你也是检索人，那你随时随地都要过去啊，所以那大家想这个规范在哪里呢还有农药，呢所以这也是为什么我们的效果会差了，呢就是这个原因。,0,0,0
info_2,09:33.390,09:58.450,也就等于说在以往的实际应用中，我们采用的是表演语言要检索源的机制，表演语言就是信息组织的核心，我们是通过规范控制来揭示信息特征的，可是现在不行，现在很多的没有精讨论组织，或者说他一开始这个信息就有问题，那给现行组织是带来很大的麻烦。,0,0,0
info_2,09:58.830,10:58.120,那么麻烦那同时节奏人员也是一样的，大部分没有经过任何训练的人，他就想高效的来获取信息，唉呀你给他弄错的还不满，百度给你免费了，而且那么快的给你，结果他觉得查的真不好，但其实百度现在真的查了孩子错了，最开始的搜索引擎你们没有用过，真的很烂，现在的搜索引擎跟以往那是一个天上一个地下，我觉得是这样，早期的搜索引擎关键词刚出来的时候效果很差，但现在为什么好了，呢那后面我们会解释，那么原来的我们的规范控制包括很多，啊包括描述控制，词汇的控制，句法的控制等等这些因素，其实我们以往的信息组织呢就跟这些规范控制是密切相关的，也就是我们信息组织的过程是有规范有标准的，不是随意来公司，所以这才是我们信息组织的能力。,0,0,0
info_2,10:58.670,11:02.540,就是要有规范控制，那我规范控制的依据从哪来？,0,0,0
info_2,11:02.550,11:12.710,呢那就是我下两节要讲的就是他们学的基础，你就会用什么样的思想，什么样的方法来进行这些控制呢？,0,0,0
info_2,11:13.570,11:20.610,就像我刚才看小西老师那个作业提了那么多的经济形态，你们打算怎么去检索？,0,0,0
info_2,11:20.620,11:27.600,呢到哪去检索，呢思考过这个问题吗？想一下怎么做好？,0,0,0
info_2,11:27.610,11:34.340,吧好，那么我们就来看一看这这些控制的它依据是什么？,0,0,0
info_2,11:34.350,11:36.900,就是我们的第二节学科基础。,0,0,0
info_2,11:37.960,12:30.200,那其实呃信息组织有很多相关学科，比如说理论基础，包括什么系统论控制论，然后方法论基础基础基础，就像我刚才讲，其实像我们刚才提到的索引关键词索引的生成离不开自己，当然它也离不开我们前面的方法上的基础，这个我们后面都会讲到都会讲到，但是这两个呢就相对比较好理解，我们就不讲了也，就是理论基础，大家看课件看书就行了，因为它只是一种思想，而我们更多讲的是第二大类，方法论基础，这三个方法论大家必须要搞清楚，为什么他们后面基于组织的我们的主要方法是有关系的，有关系的关系很密切，而且正是因为锻炼逻辑很重要，我把它专门提到了提升了它的重要地位，变成了第三节。,0,0,0
info_2,12:30.450,12:39.080,所以我们接下来第二节重点就来看一下语言学知识分类对信息组织的规范控制的影响。,0,0,0
info_2,12:40.340,12:57.670,好，这个理论基础刚才说了课件我发到群里面你们，在课件中为了这个完整性我都提到了这种思想，啊我们重点讲的是方法论里面的语言学，知识分类以及概念逻辑。,0,0,0
info_2,12:57.680,13:04.190,首先我们来看一下语文学语言学啊会跟我们的信息组织有什么样的关系？,0,0,0
info_2,13:04.200,13:19.690,呢好，呃首先呢我们信息组织是需要符号系统，打庞杂的信息化的，你看你们刚才提到的，不管是分类还是这个教室的编码，它都是有符号系统的，对吧？,0,0,0
info_2,13:19.840,13:52.490,你包括我现在说的话，它的语言它也是符号的一种，所以它需要符号系统来把庞杂的信息去化，而我们的存取系统标识大家输入的那些词，它是具有字词和语法特征的，而这些特征都是要遵循语言学的规则来进行使用，所以我们的信誉组织特别是方法会跟语言学有密切的关系，啊我这样我们先来看一下你们在平时检索的时候碰到过语言方面的问题吗？,0,0,0
info_2,13:54.050,14:06.420,就像我在听导航课中也觉得，你比如说你查张自然，你查张自然的时候在百度中间你得到那个结果其实就有语言是影响在里面，是不是这样？啊有没有？,0,0,0
info_2,14:06.430,14:14.680,啊你看张自然，虽然这个字你没有写错，但是结果不是你想要的，那是为什么呢？,0,0,0
info_2,14:19.740,14:20.570,有范围好。,0,0,0
info_2,14:21.720,14:32.560,那你这样你你就从你小学学汉语来看的话，或者从英语我觉得英语比较好，举个例子，你学英语是怎么学的？呀怎样一个顺序？,0,0,0
info_2,14:32.570,14:44.500,你首先先学的是字符，先学的是字母嘛就符合APP这26个英文字母，然后你就会学音标对吧？,0,0,0
info_2,14:44.510,14:53.020,然后学单词，然后词完了之后就是句子，然后句子是有一定的成分的，对吧？,0,0,0
info_2,14:53.030,14:55.340,主谓宾、定状补。,0,0,0
info_2,14:55.840,15:10.190,是这样，吧而学词的时候词也有，我们大家提到一个词性的问题，除了动词啊读名词，而且呢在一这个英语里面这个词形的变化非常非常多。,0,0,0
info_2,15:10.330,15:14.970,举个最简单的例子，比如说名词会有单复数，对吧？,0,0,0
info_2,15:14.980,15:19.950,动词会有时态变化，对吧？,0,0,0
info_2,15:19.960,15:35.010,通过不同的人称它也有不同的变化，你看它的其实变化很多，你学词然后学句句里面又有不同的成分，然后最后才构成段构成整个的这个年代是这样一个组织的。,0,0,0
info_2,15:35.630,15:48.250,那其实我们现在做信息组织的事是把你已经做了这样的，比如说很多篇的这种论文书已经成型了的，要把它其中的特征提取出来。,0,0,0
info_2,15:48.730,15:52.760,那你看你们现在检索出的最主要的方法对不对？,0,0,0
info_2,15:55.310,16:04.770,有的人就是关键词，不管这个词叫什么，其实用的都是词，那你难道没有碰到在我们刚才说的语言学习中的这种语言问题？,0,0,0
info_2,16:05.520,16:12.500,呢你说我要说的词和句它其实都属于语法法的层面，法律正确。,0,0,0
info_2,16:12.510,16:23.280,好，我们来总结一下看看这个语法，从我刚才讲的有些什么，他对你的检索对你的组织产生影响没有？,0,0,0
info_2,16:23.530,16:44.840,也就语言学理念，你们花了大量的时间学习过的语法有没有影响语法，我们还可以把它分成这个没问题，吧此法句子啊它对你产生什么样的影响？,0,0,0
info_2,16:44.980,16:52.250,举个例子，啊比如说我要找信息检索相关的论文，你会怎么描述你的需求？,0,0,0
info_2,16:52.260,17:01.300,如果是英语的话，search、Information、search还有吗？,0,0,0
info_2,17:02.890,17:04.240,啊还有没有？,0,0,0
info_2,17:06.580,17:18.620,你你这样一说我就知道没？把他的、语法搞清楚，啊私人体是个什么词，啊动词会有很多的形式，如果别的原文都用的是searching怎么办？,0,0,0
info_2,17:19.350,17:30.930,你如果没有表达出申请，如果系统没有做任何处理，你就查不出来，这不就是执法的问题吗？对吧？,0,0,0
info_2,17:30.940,17:48.000,好，还有我们的心理检索专用的词不是自认识专业词是翡翠的，这个词你们可能用的比较小的，特别是这个动词，对吧？,0,0,0
info_2,17:48.160,17:51.000,好，它是个动词，它还有名词。,0,0,0
info_2,17:53.020,18:01.430,瑞初六是它的名词，那既然它是个动词，它是不是还有an g的动词形式？,0,0,0
info_2,18:01.440,18:07.950,啊好，那你难道说我来检索的时候，我一定让做酒按我说的那个来吗？,0,0,0
info_2,18:08.260,18:11.500,不能的，所以这不就是词法吗？,0,0,0
info_2,18:11.640,18:24.020,如果不加规范控制，你想象多么大量的这种问题都会出现，还有句法句法也会涉及到很多的问题，什么问题？,0,0,0
info_2,18:24.030,18:34.230,呢对距离的理解，如果我仅仅是把词提出来，可能跟原有的词这个含义就是变了，为什么？,0,0,0
info_2,18:34.240,18:41.200,呢因为我们主谓宾它是有一定的这个顺序在里面，有一定的关系在里面的。,0,0,0
info_2,18:41.520,18:49.680,而大家知道如果我们提关键词的话，你们你想想你平时检索的时候输的词大部分是什么样的磁性？,0,0,0
info_2,18:49.690,18:57.820,呢名字名字吧肚子很小，吧还在一起莲子眼掉了，吧那你想过这个问题吗？,0,0,0
info_2,18:58.000,19:06.730,如果一旦我把一个句子拆散成词，有没有这种场景跟我原句话完全意思不一样呢？,0,0,0
info_2,19:09.650,19:43.220,肯定是有的，呀而且不光是这还有其他的，你看我们即使从语法的角度词、法句法都能产生影响，那我们要对比如说一本书30多万字，那么多文段，我要把它的内容特征标引出来，我没有一定的规范，没有一定的规则，那是不是有可能把这本书的内容特征都标准错了，那错了后面用户检索去，那所以要有规范，要有方法那跟我们的语法层面有关系。,0,0,0
info_2,19:43.230,19:57.490,好，除了语法是不是还有别的一些举例，也就是我们语法只是一个方面，还有语义，呀语义语义那语义涉及到什么？,0,0,0
info_2,19:57.500,20:07.440,呀就像我刚才你看我刚才提到的翡翠翡翠它的名词和它的透明词，这其实只是词法层面的东西，对吧？,0,0,0
info_2,20:07.450,20:22.980,但是我刚才提到了rich Rich yt，还有这个词，它也是英语里面的检索查找的因子，啊那这是不是跟我们的词义有关系，啊对不对？跟义有关了。,0,0,0
info_2,20:22.990,20:40.560,呀也就这种我们会经常碰到两种场景，一种场景是一词无意和异形，同意这两种问题怎么解决一词多义，一，行，同意。,0,0,0
info_2,20:43.280,20:52.310,好，那我想问大家，如果是一词多义的话，我不做任何规范控制，我得到的检索结果可能是怎样的？,0,0,0
info_2,20:53.170,21:04.640,嗯不是我想要的，那我们在心理检索中就把它叫做误解，也就是一词多义会影响到我们的减准率的问题，对吧？,0,0,0
info_2,21:04.790,21:10.030,而一行同意呢会影响什么？,0,0,0
info_2,21:10.040,21:25.750,比如说你查番茄，你就会漏掉西红柿，那是，你查不到西红柿，那其实也就是你的查全率受到了影响，是不是这样？,0,0,0
info_2,21:25.760,22:08.670,所以呢也就等于说一词多义，你不解决你就会查错，一起同意你不解决你就会查漏，查漏唉那你平时检索，用了这些没有有的人，老师我平时没有这种需求，你们马上就会碰到了，你们现在二年级马上就要写论文了，呀我相信你们都有课论文的需求，你如果没有考虑过这个问题，那我敢说你的财务文件查的绝对是不够的，绝对是不抗而的，如果你连这个都没解决，那你有很多的题目，就像我说的老师找的到你找不到好，这是我们说的语义。,0,0,0
info_2,22:08.790,22:22.460,好，当然语义还涉及到我们刚才说一个句子，它的如果从句法的角度没有分析清楚，计算机没有办法理解我的这个例子搞错了，是不是也会给我们检索带来不好的机会？,0,0,0
info_2,22:22.930,22:41.990,啊那或者说我再反过来，我刚才提的是连锁，如果在信息组织的过程，大家知道现在都是计算机化了自动化了，如果我没有把这种规范规则造成计算机那是不是计算机也可能获得提取出来错误的特征，然后并且把它作为标识存起来，最后给你用，那你是不是也不要做这个？,0,0,0
info_2,22:42.480,22:52.080,这是我们说的名义，那还有一个最难解决的问题，三个层面一致。,0,0,0
info_2,22:52.530,23:20.120,这个现在的计算机基本上能够解决，就像我刚才说的动词的in，g啊单数是变换呀我们的这个计算机其实大部分场景下能够自动帮你做，不需要你弄，就语法的层面解决的还是不错的，但是语义层面就有一些问题，那么舆论层面更不用多，那么你们可以举些例子吗？什么叫语用？,0,0,0
info_2,23:20.860,24:02.890,啊语用就很会跟什么有关，呢如果是语用我们在英文里面它有因为它的词就contact上下文有关系，翻译成中文可能就会跟情情境有关，那么也可能跟你的情感有关，它是更高层面的东西，你就一个词可能在这种场景下面它一直没变，但是因为因为我的这种情感和情境发生了变化，它的这个最终出来的含义是不一样的。,0,0,0
info_2,24:03.120,24:10.200,我们河南话里面我在其他班他们有时候听不懂，其实河南话应该很好懂对吧？,0,0,0
info_2,24:10.210,24:14.570,河南话有一句话就说能能是什么意思？,0,0,0
info_2,24:14.940,24:25.590,可以不可能就很厉害，你很厉害真厉害，但是这个厉害是不是可以有褒义和贬义？请坐下。,0,0,0
info_2,24:25.980,24:39.190,你说我说唉呀你看今天那个作业，那个学生做得很不错，他很闷，唉就他真厉害真不错了，对吧？,0,0,0
info_2,24:39.200,24:57.000,但是比如说我们家孩子如果在家里，你要瞅着一片狼，我回去也会这样说，他你在等着，呢你看我的话应变没变，没变都是你咋整顿它，而且能在这是不是也没变？,0,0,0
info_2,24:57.490,25:07.440,能都是厉害的意思，都是很厉害的意思，但是上下文变了，我的情感变了，他的意思就变了。,0,0,0
info_2,25:08.020,25:16.740,大家想我们现在面临的最大的问题不是专业心理组织人员，把这个信息的内容看一遍，然后给它规范。,0,0,0
info_2,25:17.030,25:22.430,我们现在大课是计算机来那这怎么办呢？,0,0,0
info_2,25:23.890,25:29.780,你看我们有这样的一些研究，淘宝上面的评论你们关注过吗？,0,0,0
info_2,25:29.790,25:38.470,淘宝上评论因为大量水军的存在，我是抱有一定的保留态度来看他，是吧？,0,0,0
info_2,25:38.480,25:43.740,保有一定保留态度，但是你没有看到有一些人专门在差评里最好评吗？,0,0,0
info_2,25:44.210,25:49.300,对对对噢对，为什么这样做？,0,0,0
info_2,25:50.690,26:12.170,因为不是给他钱专门的把刷和范围不是刷掉，是因为比如说我买东西，我一看唉呀99%好评，我就会说好评都是假的，差评才是真的，唉我就会去我这种情感上面，我就去看那个差评，唉他这个差评里面都好评，就是让你逼不及。,0,0,0
info_2,26:13.750,26:26.270,唉好，那如果这样我们计算机来进行分类，如果我仅仅是按照系统给定的这个模板好评中评差评来把这个评论归类的话，大家都说一下吗？对吧？,0,0,0
info_2,26:26.280,26:34.570,明明是一个好评，唉它放在差评里嘛那我归类归出去了呀对吧？这是一。第二个有没有看到这个话？,0,0,0
info_2,26:35.060,26:50.850,反驳的在评价里面好多呀还不止一点，啊那现在就问题了，如果我们这个评价是一个非常有用的事情的，我是需要把它进行组织来做分析来做处理那怎么办？,0,0,0
info_2,26:52.570,27:00.120,大家想过吗？你看我们只要做评论的这种信息组织处理的话，都会涉及到这个问题。,0,0,0
info_2,27:00.590,27:10.120,那他们会提到一个情感词典，其实我需要情感词典的帮助，才能在这个场景下面把这个说明过去。,0,0,0
info_2,27:10.450,28:12.380,那这就是你要我早上开车，因为我要从汉阳我我们家孩子在汉阳上去，我开车停车的话一个多小时早上才能到，一定要听一个广播，然后红山区武昌区都有固定的景观，每天来播报，我觉得他们好肥，啊其实他们说的主要的意思就是堵堵堵，但是他们的话完全不一样，嗯这样说的这个行车比较缓慢，有车辆滞留，或者甚至有时候开玩笑组成了停车场其实不管他怎么说，只有一个意思，就是这是堵车，我是曾经把这个音录下来，我真的觉得你很搞笑这些景观，他们深深的知道这个这个语言学的这个能笑，啊因为他如果说唉呀全程都在堵，那我开这个几道出问题了是吧？,0,0,0
info_2,28:12.390,28:14.860,唉我那样说也比较好一点。,0,0,0
info_2,28:15.060,28:19.370,好，这是我们说的，好，那大家想语言学跟我们有关吗？,0,0,0
info_2,28:20.090,28:30.350,所以它就很重要，啊那我们这个计算机学院的何婷婷院长，他的博士学位在文学院哪里？,0,0,0
info_2,28:31.590,28:37.330,他是计算机专业的，还要考文学院拿一个博士读个博士，他读的是什么？,0,0,0
info_2,28:37.700,28:40.620,呢语言学他现在做什么？,0,0,0
info_2,28:40.630,28:45.830,呢你们不知道啊这华是很有名的人，是吧，为什么？,0,0,0
info_2,28:45.840,29:14.410,呢因为他每年发布网络热词，就是网络上面今年又出现了什么样的词，什么样的用语，他每年都在做坚持做了好几年，那因为我们文学院有一个所叫计算机语言所计算成语言，所所以我们新检索新组织啊跟语言学有关，那因此我们需要使用到把语言学作为我们的这个方法认为。,0,0,0
info_2,29:14.420,29:37.190,好，除了这个之外，呢我们第二个是知识分类，也是我们的方法论基础知识分类啊回顾一下你们的作业，嗯其实你看我们大部分同学选择的系统语种方法出现的肯定不知道这是分类，嗯嗯没发现吗？,0,0,0
info_2,29:37.200,29:59.930,你看你的全科系统也有分类，淘宝系统也有分类，图书也有分类，衣柜也有分类，你看分类分类分类分类不断的出现，所以其实分类是一种基本的进行组织状态，这也是为什么我们后面第五章专门讲之类的原因，因为它是一种最重要的最基本的方法，也是我们人的大脑的一种思维能力。,0,0,0
info_2,29:59.940,30:03.290,啊好，那么知识分类指的是什么呢？,0,0,0
info_2,30:03.400,30:11.430,知识分类指的是把我们客观世界万千事物本质属性联系和区别来进行展示，啊对制定系统化的方法。,0,0,0
info_2,30:12.100,30:31.140,那其实我们这里讲的知识分类，比如说我们分类组织就是以知识分类的概念逻辑与方法为基础，建立学科分类体系，而我们后面的主题组织它也跟知识分类有关，比如说他会建立一些参照系统以及范畴，所以这个后面都会找到。,0,0,0
info_2,30:32.000,30:38.860,啊但是我这里举个最简单的例子，可能大家就清楚了，为什么知识分类会跟我们有关系？,0,0,0
info_2,30:38.910,30:47.740,大家知道我们人类发展了这个历史是非常长的，那人类的知识传承也是成果是非常多的。,0,0,0
info_2,30:47.750,31:22.760,那其实在整个人类发展的过程中，我们有很多的哲学家、特别是、哲学领域，他们已经对人类的客观世界这些知识组织体系提出来了自己的一些看法或者是想法，那么这些看法和想法已经形成了一些知识分类体系，所以其实这个地方主要指的是在长久的这种历史发展的积累中，我们在很多的行业，很多的领域已经形成了大家熟知的这种知识分类体系。,0,0,0
info_2,31:23.010,31:31.710,那假定说我要对这些领域的知识信息进行组织的话，你能够抛开这些朋友的大家熟悉的熟悉吗？,0,0,0
info_2,31:32.020,31:43.080,举个最简单的例子最简单的例子，比如说我们的运动男生肯定很清楚，那我想问大家，比如说铅球属于什么运动？,0,0,0
info_2,31:43.800,32:05.130,知道知道啊求了一种了，可以可以你看你就是主要要打破的那一个语文全球属于人，啊你们都不知道唉呀你看是不是你现在体育课没有牵头了，没有？,0,0,0
info_2,32:05.590,32:20.740,没有办法，我们当时全球是我们大学区的主要的，因为太高端的你毛泽东也看不起来，当时啊牵头跳的最简单，先求属于田径好吧？,0,0,0
info_2,32:20.750,32:52.060,属于田径严禁啊不属于球类，呀看看你们就搞错了，那难道我要你做一个运动的分类体系里，会把铅球推到球类去做了，那你们已经跟我完美了，展现了知识分类的重要性，所以我们来建分类体系的时候，你不管是哪一个行业哪一个领域，你不能随便来做活动，你要怎么样？,0,0,0
info_2,32:52.070,33:02.530,啊你要先做一下两年，你首先要分析这个领域，我要组织的信息特征，这没错，同时你还要看什么？,0,0,0
info_2,33:03.110,33:20.070,在这个领域里面是不是有大家已经约定熟知的约定俗成的，或者有些哪些科学家他们提出来的这种知识分类体系一定再用了，那你不能打破，不是你一打破就出问题了，对吧？,0,0,0
info_2,33:20.080,33:29.390,你看我们现在社会运行已经形成了很多的分类体系，比如说像我们国家的整个体系，从省市自治区对吧？,0,0,0
info_2,33:29.400,33:44.780,到我们邮政邮政编码，你看我们快递它底层毕竟有大量的这种系统，数据底层数据在里面，我指的是你说它的分区划算，它都是一定不好的，你不能打不能打。,0,0,0
info_2,33:45.730,33:53.830,所以而且呢你很多的知识分类，它不跟我们马上要讲的概念逻辑之间是有矛盾的，要弄清楚。,0,0,0
info_2,33:53.950,34:12.720,你们刚才为什么会把铅球分成球类，呢因为铅球属于球，从概念上来说它属于球，从概念逻辑的角度它属于球员出来，但是从知识存在的角度它属于天赋，搞清楚了吗？所以这是两个不同的基础。,0,0,0
info_2,34:12.930,34:24.070,那么再想一下说出之前有一个教材上一个例子，我觉得举举的也特别好，你说角这个字如果你能提这个角，你怎么给它定义？,0,0,0
info_2,34:24.530,34:33.600,啊角如果给它一个定义，怎么定义它？,0,0,0
info_2,34:34.380,34:39.210,嗯事故就是一个事物的这个底部，对吗？,0,0,0
info_2,34:39.220,34:42.740,一道天下的这个地方，难道只有人有脚吗？,0,0,0
info_2,34:42.750,34:49.500,没有没有的，哈好，那么我们把这三个词放在一起来听一听。,0,0,0
info_2,34:50.020,35:06.320,你来指出三角山大山的家长，30 30啊夜角，我发现应该没问题，呀页脚页页满页页脚。,0,0,0
info_2,35:06.960,35:11.270,对以后对越越越搅越美越。,0,0,0
info_2,35:11.280,35:25.910,哦你看它们的含义，其实角这个含义在这没有变，概念逻辑上它没有错，它仍然属于角这个概念逻辑下面的没有错，就是删删。,0,0,0
info_2,35:26.930,35:38.480,你们说的我不会发生了，三点叶片都是要做，但是从直数跟它的角度没有关系，啊一角和三角没关系是什么关系？,0,0,0
info_2,35:38.490,35:57.540,呢所以我们下面要讲的就是知识知识分类主要指的是发展长期积累的大家熟知的，而且相对比较科学的知识分类体系，你在做的时候要要参考好最后一个呃在第三章去了，因为很重要。,0,0,0
info_2,35:57.550,37:02.140,啊还有5分钟我们来讲一下就是概念逻辑，其实我刚才已经展示了概念逻辑，嗯嗯为什么会成为信息组织的基础，好概念逻辑，呢嗯你们研究生会开一门课叫自然辩证法，嗯也有哲学那个马克思主义学院有个老师开一门课，我觉得门课应该非常好，就是有跟这个思维逻辑有关的课程，我觉得大家需要这样的，课程，我们现在这种基础教育里面这种培养比较少比较少，那其实它是有点抽象的，啊比如说我们提到概念逻辑，它是关于思维的科学，它主要是揭示概念及其关系割裂的知识，嗯那我们来看一下它的这个定义啊概念指的是反映对象的一般属性和本质属性的思维形式，那其实我们很难很难来说嗯概念的定义，但是呢这两个词我们认为啊，什么是概念的内涵？什么是概念的？,0,0,0
info_2,37:02.150,37:05.740,外面这个大家搞清楚吗？,0,0,0
info_2,37:05.750,37:11.010,什么叫概念的内涵呢内涵？,0,0,0
info_2,37:11.020,37:18.420,指的是嗯啊比如说人人的内涵是什么？,0,0,0
info_2,37:19.780,37:37.730,啊不是一个概念，这个概念的内涵是其实也就这个事物区别于其他事物的就是它的内涵，那人区别于其他数的本质特征是什么？,0,0,0
info_2,37:39.150,37:53.800,呢有字老师有什么思想，有思想是醒目的，其他动物别先言宠物的那么多，那你这只是说不出来而已，啊人也是有的好不好？,0,0,0
info_2,37:55.960,38:20.150,其他比较便宜的，因为是动物动物，那我们来看一下啊你这个概念的含义反映了本质属性的总和，那人其实呢它的本质属性又一个可能还表现不了，首先它有一个内涵是它首先得是，动物它如果我这句话就表明人具有动物的所有内涵，这是前提。,0,0,0
info_2,38:20.160,38:25.760,吧第二个才是比如说人能够制造工具，对吧？,0,0,0
info_2,38:25.770,38:36.340,比如说人有语言，那我这些属性的总和加在一起也可以作为它的本质属性，这就是人这个概念的内涵。,0,0,0
info_2,38:36.790,38:46.410,好，那概念的外延又是指的什么呢，外延指的是啥？,0,0,0
info_2,38:48.460,39:03.500,比如说人的外延指的是比如说我想问你中国人是不是人是人嗯比如说黄种人是不是人是人，唉那你是靠什么来判断的？,0,0,0
info_2,39:05.520,39:10.560,也就它具有我前面说的那些内涵的，它都属于人的，对吧？,0,0,0
info_2,39:10.570,39:22.590,所以关联指的是只要属于包含的我前面内涵这些属性的那些事物，就是我一个概念的外延这个大家应该搞清楚。,0,0,0
info_2,39:22.600,39:29.160,吧好，那其实我们平时说概念之间关系是靠什么来讲？,0,0,0
info_2,39:29.820,39:33.300,概念之间的关系，概念之间有哪些关系？,0,0,0
info_2,39:34.420,39:43.740,呢比如说我们平时知道同一关系包含关系是从什么角度来讲的吗？,0,0,0
info_2,39:43.750,39:54.310,只是从外延的角度来讲，呢我们来看一下，啊也就是概念的内涵和外延是我们标引和检索的这个依据，为什么把它做重要方法论基础？,0,0,0
info_2,39:54.410,40:13.020,是因为我们最终生成的标识来自于概念的物质，如果你这个概念还不清楚，你这个标识还不清楚，记不清楚，而且呢正是因为概念之间有关系，所以我们要有一个词汇的控制，但之间什么关系？,0,0,0
info_2,40:13.030,40:38.940,呢我们按照是否共有外延分成相融互相融，你说相同就包括你看我们平时虽然这些值得多，但大家没有把它放到概念逻辑中来，啊你说相融关系包括统一包材，交叉和相等的并列，来举一些简单例子，这样的句子就计算机和电脑都属于同一关系，对吧？,0,0,0
info_2,40:39.240,40:50.280,松树和落叶松属于综述和物业说，包含妇女和科学家交叉关系交叉会产生新概念。,0,0,0
info_2,40:50.540,41:11.970,你说这两个就是科学科学家，而且我们到后面讲概念之间匹配的时候，如果想要概念之间的这个含义不产生出入最佳的选择交叉，交叉组配，因为它不会产生概念上的错误概念，上的错误。好，那么还有不相容关系？,0,0,0
info_2,41:13.700,41:39.650,呢比如说矛盾关系，矛盾指的是1分2，就一个大的概念分成两个这两个之间的关系，还有反对呢1分3，然后不相容的并列呢就是指的像我们这样，当然这个现在很难，这个不对，我觉得现在这个概念都属于矛盾关系，因为这个实际实物上面确实是大家对这个有争议对吧？,0,0,0
info_2,41:39.660,41:56.840,就是男女现在有双性人，这个不太好分，所以它不属于矛盾关系，但是大部分场景下啊我们还是把它做的矛盾关系，比如说反对关系指的是1分1分3，比如说零书还有平平局嘛对吧？,0,0,0
info_2,41:56.850,41:59.810,而我后面举的这些都属于什么？,0,0,0
info_2,42:00.200,42:10.960,呢不相容的并联，你就比如说红色它不是黄色，但是我们的颜色在划分的时候，是不是好多好多的颜色那它就是互相连接？,0,0,0
info_2,42:11.190,42:16.660,好，那么大家想一想这个跟我们的规范控制有什么关系呢？,0,0,0
info_2,42:17.200,42:31.160,其实更多就是我们如何来选择最终的那个标识，比如说就像你们描述这个这个衣服，大家只是有个要给女朋友买衣服的对吧？,0,0,0
info_2,42:31.170,42:44.520,那红色的衣服，唉那红色红色哪一款女生都知道，红色其实是一个大范围的，对吧？,0,0,0
info_2,42:44.530,42:49.660,我们还有很多没红、呢粉红、粉红，对不对？,0,0,0
info_2,42:49.770,42:55.840,你看就存在我们包含了唉那你要的红上面是哪种红，你描述清楚了吗？,0,0,0
info_2,42:55.920,43:00.230,你买的大红色你会不喜欢怎么办呢？对不对？,0,0,0
info_2,43:00.240,43:13.180,所以一旦有关系，你检索既然有关系，那组织的过程肯定有关系，啊因为我要把这些特征表征出来，明明是个玫红色的衣服，你非要非要给它一个红就够了，呀看到没有？,0,0,0
info_2,43:13.190,43:19.570,啊要选对呀根据条件之间关系选择最准确的这个成绩来表达。,0,0,0
info_2,43:19.800,43:25.550,而且此间是不是还有一些很复杂的，像这种交叉呀这种那你不要弄错了。,0,0,0
info_2,43:25.670,43:41.200,那这个我们到后面讲具体的信息组织的过程都会提到，只不过我们第二章给大家讲的就是整个的这个组成原理是怎么样的，我借鉴了哪些学科的基础，好，我们这节就到这里。,0,0,0
info_2,43:43.560,43:57.410,嗯嗯嗯,0,0,0
info_3,00:00.040,00:03.850,那首先要理解概念的内涵和外延的含义。,0,0,0
info_3,00:04.850,00:16.690,好，接着呢我们提到概念之间的关系，你把我们讲到这里，战线之间的关系是按什么来分它的关系？,0,0,0
info_3,00:16.700,00:39.620,呢比如说我一提到苹果这个概念，你可能就在想，啊你说山东的烟台的苹果，哪怕是一个苹果，然后还有各种的苹果的品种，像那种像，这种蛇果一样的那种很粉的，那种那也是苹果，对吧？,0,0,0
info_3,00:39.630,00:43.930,那那它们之间你是靠什么来看它们之间关系的？,0,0,0
info_3,00:44.960,00:50.660,呢比如说红富士的苹果和苹果之间是什么关系？,0,0,0
info_3,00:51.960,01:05.730,包含关系，那你是来看它们之间有共有的外延，而且呢苹果的外延是完全包含了重复式苹果的外源，对吧？所以它是包含关系。,0,0,0
info_3,01:05.820,01:15.420,那所以我们再也就是我们概念之间关系是按照概念之间是否具有共有的外联，把它先分成相融和不相容。,0,0,0
info_3,01:15.930,01:24.720,相融就包括统一关系，包含关系交叉以及相容的并列，有没有说老师什么是相容的并列呢？,0,0,0
info_3,01:25.680,01:32.060,好，我们来解释一下这个上节和没解释清楚的，啊这是个难点，但并不是重点。为什么？,0,0,0
info_3,01:32.070,01:41.600,因为他不太会影响你对后面信息组织方式方法的理解，但是是个难点，很多同学不太清楚，相容的并列指的是这种情况。,0,0,0
info_3,01:42.030,01:58.110,一个很大外延的，我们把它叫主概念，被它划分出来的，我们把它叫总概念，你就数种概念，如果我这样来标外面，比如说这是个a概念，这是b概念，这就是什么关系？啊黄海。,0,0,0
info_3,01:58.120,02:28.560,吧但是如果再来个c是这个样子的，其实这种划分在我们日常这个中间是很少见的，为什么呢到后面我们讲分类的时候，大家都会知道，我们一般在一个数概念下面再来划分，是希望两者没有交叉的，这个大家明白吗？,0,0,0
info_3,02:28.570,02:32.080,没有交叉没有交叉是不是就是这个样子？,0,0,0
info_3,02:32.430,02:39.130,就是各是各的这个概念，为什么需要没有交叉？呢大家想过吗？,0,0,0
info_3,02:41.070,02:54.120,因为没有交叉，我的用户比如说沿着一条分类路径，他才能好选择，如果有交叉用户到这一步，他就不知道到b还是到c了，明白了吗？,0,0,0
info_3,02:54.130,03:09.350,如果跟分类结合起来的话，但是从概念结合的话，我们一般情况下一个属概念再划分成这种就像我刚才说的红富士的苹果跟我刚才说的蛇果，它应该不存在有两个完全不一样的东西，对吧？,0,0,0
info_3,03:09.360,03:15.680,它不应该有交叉，它应该是这个样子，吧那这种就叫不相容的并列，为什么？,0,0,0
info_3,03:15.690,03:24.900,呢首先并列指的是一个数概念划分出的若干总概念之间的关系。,0,0,0
info_3,03:25.030,03:29.510,首先并列关系指的是这个这个大家听明白了吗？,0,0,0
info_3,03:30.430,03:42.140,也就是并列关系首先指的是一个大的概念划分出来的若干总概念之间存在的某关系才叫并列，因为它们是同等的。,0,0,0
info_3,03:42.810,04:05.400,嘛它不像比如说女和科学家这两个概念，它就不属于我们所说的，当然你有同学如果说老师都把它划到人这个地方，那也有可能，但是我们一般不会这样来放电影是按等级来的，啊所以那我右边的这个就叫相容的并列，什么意思？,0,0,0
info_3,04:05.410,04:14.270,啊就是我一个鼠带线划分出来的若干紫外线之间它自然有交叉，这叫相同，为什么？它有共有的吗？,0,0,0
info_3,04:14.280,04:19.780,而左边的那叫不相容的定点，明白了吗？,0,0,0
info_3,04:19.790,04:36.490,比如说我在课件中给大家举个例子，我觉得这个比较少见，其实也有比如说有一个人，假定我们这个大的鼠概念是文学工作者了，大家画一画下位你会画什么？,0,0,0
info_3,04:36.500,04:40.720,你可能会画啊小说家对吧？,0,0,0
info_3,04:40.730,04:47.970,散文家甚至编剧，现在不是很多电视剧都需要编剧吗？对吧？,0,0,0
info_3,04:47.980,04:51.090,它都属于文学工作者，没错吧？,0,0,0
info_3,04:51.540,05:04.150,就我刚才说的小作家散文加编剧他们应该属于地面关系，吧嗯但是他们属于相容的还是不相容的，是嗯肯定是相容的，为什么？,0,0,0
info_3,05:04.160,05:17.690,呢因为有很多人既是小作家，又是散文家，又是艺术家，他们就共有一些外延，所以这就叫相容的并列，而不相容的并列。,0,0,0
info_3,05:17.700,05:52.920,呢那比如说我们说一个颜色，它是一个属概念，那有些颜色完全复杂，比如说灰色和白色黑白分明，嘛那黑白在这个里面它既是你觉得它同属于一个颜色这个属概念，但它们之间又没有交叉，那它就属于不相容的并列，那有同学老师你讲的其实相容的并列跟我们说的矛盾之间跟我们说的反对之间其实是有些关联的，大家想到了吗？,0,0,0
info_3,05:52.930,06:02.850,比如说我刚才说黑白，如果我们不把它看并列这个关系，呢它还属于刚才我说的哪种关系？,0,0,0
info_3,06:05.380,06:11.790,对，他们两个是完全不一样的，嘛也没有共有的外援嘛对吧？,0,0,0
info_3,06:11.800,06:28.110,所以其实我们的矛盾，我们的矛盾关系和我们的反对关系，有有同学说老师矛盾和反对关系是否是不相容负面的特殊情况？啊您这样说吗？,0,0,0
info_3,06:29.460,06:32.230,我的问题大家听明白了吗？,0,0,0
info_3,06:32.690,06:43.040,我能不能说矛盾关系和反对关系就是互相融并列里面的一些情况？呢可不可以这样说？,0,0,0
info_3,06:45.200,06:48.270,下面逻辑大家搞清楚，啊可不可以这样说？,0,0,0
info_3,06:48.280,06:51.600,不可以不可以。为什么？,0,0,0
info_3,06:51.610,07:38.870,呢因为矛盾关系噢对是可以的，就是肖总啊回想我上次画的那个图，一个数概念一个数概念划分成1分2，它就是利率吗叫矛盾，然后1分3就是我们说的反对反对，女同学好像很迷惑的样子，就一分二矛盾，1分3是反对，而像我刚才左边的这个那就叫相同的并列，确实像我刚才说的你就是能可以说矛盾和反对是相容并列里的特殊情况。,0,0,0
info_3,07:39.160,07:45.980,1分21分3的情况搞清楚了，吧就是不相容的并列。,0,0,0
info_3,07:45.990,08:13.150,啊啊所以那有同学说老师你讲这个有什么用，呢就像我刚才讲的，啊如果说我们按照这样的概念逻辑划分，它确实是有这种相融并列的情况，但是如果我们在现实生活中来划分盈领体系的时候，如果是纸板文献，尽量要采用负向量的划分，为什么？,0,0,0
info_3,08:14.330,08:30.550,呢大家讲过比如说一本书，举个例子啊他讲的是搜索引擎，大家想它是不是既可以属于我们的情报学，它又可以属于计算机科学，大家想是不是这样的？,0,0,0
info_3,08:30.670,08:37.330,嗯好，那对于一个纸板的书，我能够我能够把它撕成两半哪？,0,0,0
info_3,08:37.610,08:39.620,一个里头放一个吗？,0,0,0
info_3,08:39.870,09:12.580,那可能那柳田老师你可以买很多的部分，但是大家知道图书馆在馆藏的时候副本是要花钱的，呀部分是有考量的，并不是每一本书都会买很多副本，而且我们的书库是分成外界和阅览的，也就是有些副本是要放在阅览室的，有些副本是要放在外界处的，那如果外界处我也买很多副本，那就浪费钱了，所以这个课本是要有考量的，那一般情况下对于这样的分类体系，我们要尽量选择不相同的这种划分，为什么？,0,0,0
info_3,09:12.590,09:40.800,呢因为这样很明明晰，啊我们的嗯比如说我们的借书人员看到书库就非常清楚我这个应该到哪个位去，但是我们现在有很多网络资源，大网络资源的分类体系，你就会发现大量的一级划分出来有很多交叉的种类，为什么呢大家想一下为什么有这种区别呢？,0,0,0
info_3,09:42.080,10:01.290,因为网络上的资源它并不是实体资源，其实在很多的这种理念它只是一个链接而已，你就比如说我即使给一本书，它多个类号，并不等于说这一本书它一定要被植物被放在两类下面。,0,0,0
info_3,10:01.690,10:09.810,好，有如果有同学知道图书馆的这个属性特征，你可能就会明白我刚才说的这个道理。,0,0,0
info_3,10:10.180,10:17.840,啊图书馆有一个特别的号码，在网上输入检索的时候，你会得到一个所书号，什么叫所书号？,0,0,0
info_3,10:18.740,11:12.930,所书号就是你能够直接找到这本书的一个号码，而这本书号码也就因为我们刚才说了图书虽然是实物，但是它是不是已经数字化了，它变成了网络上被数据库存储的这种资源，所以那我们一本书就像我刚才说的那本书，我可以给他多个类，好没有问题，你查的时候你会发现噢我作为计算机的人物，他是做引擎这个字会出来，而另外一个作为情报学的人他他也会出来，但是实物的书只能放在一个类下面，所以就给它一个所符号，你就以重要来分类，比如说它更倾向于我们情报学的这个思想的搜索引擎的讲解，呢还是更倾向于计算机，呢如果更倾向于计算机，我就把它排在TP这个大类。,0,0,0
info_3,11:13.240,11:21.490,如果他更倾向于我们情报学，那我就把它排在情报学里面，所说话就给他情报学的名号，听懂了吗？,0,0,0
info_3,11:21.720,11:36.390,也就等于说网络资源的分类体系，你可以做相容的这种境界，关系没有问题，但是如果我们的网络资源跟实体资源链接，那我们就需要有一个主规类的这样的一个内涵。,0,0,0
info_3,11:37.020,11:47.300,这个大家到后面学分类的时候，你就会发现这样的一个问题，好，这是我们讲的概念之间的关系，啊这个是大家需要理解的。,0,0,0
info_3,11:47.470,12:00.160,好，那么接着呢其实还有一些概念逻辑的方法，在我们课件中也有就是概念逻辑中我们需要有一些方法，我们把它讲完，再进入到第三章的学习啊。,0,0,0
info_3,12:03.800,12:34.150,其实平时大家都在用，只是呢你没有把它提炼出来，啊其实你的大脑就有这种能力就是逻辑思维的能力，比如说你可以进行概括，这个是你从小都训练过的，你们大家做阅读理解，经常老师要你做这样的操作，说把这一段中心意思把它概括一下，你从小都在训练所以你，有这个能力你也可以做限定。,0,0,0
info_3,12:34.360,12:47.090,其实概念的限定就是增加内涵，减小外延的过程，主持它都离不开我们的概念内涵和外延，那么而概念的概括呢就是减少内涵。,0,0,0
info_3,12:47.290,13:00.100,你扩大外延的过程，比如说刚才的红布式的这个苹果，它的核心特征，它的内涵是它既包括贫困的内涵，它又有一个品种了，属性特征对吧？,0,0,0
info_3,13:00.110,14:29.910,它必须是红护士，那如果一堆的苹果放在这里是不同品种，我想把它概括出一个概念，你是不是相当于减少我们的概念内涵，呢说那你就会把总不是这样的限定去掉，那你就可以扩大概念的外延，这就是一个概括，啊那限定就是增加内涵，缩小外延，而更重要的是我们说的是概念划分，概念的划分其实就是我们后面讲分类的最基本的思想，其实概念的划分，就是你你是我的某种属性为分类标准，把一个属概念的外延划分成若干总概念的过程，就叫概念的划分，所以大家想想我们平时的分类，以及你看教材教材上面经常提一个概念，嗯你们考这个简答题，我我记得我我上本科的时候考简答题，经常会考这样的题型，就是要讲什么什么的类型，那一般提到这样的题目，你如果不加前面那句话，那就是错的，你如果不加按什么什么分，你后面的表达就是不全面不准确，大家想想是不是这样的，比如说我们班全班这么多同学，那我如果来划分的话，我会这样来划分，比如说按性别来划分，可以分成男生女生对吧？,0,0,0
info_3,14:29.920,14:40.470,比如说按戴眼镜戴眼镜来划分，唉我也可以再分成两个群体，但是我前面必须要有一个什么？就是我们说的分类标准。,0,0,0
info_3,14:40.980,14:52.440,好，那么大家想一下，如果做一个分类体系，那是不是你每一次来做这个体系的时候都需要有标准的讲一下。,0,0,0
info_3,14:52.520,15:02.450,我们来做等级体系划分的时候，其实你每一次划分都是要选择这个标准的，那这个就很重要，到底选哪个标准合适。,0,0,0
info_3,15:03.050,15:31.840,呢比如说我我马上晚上有呃研究生的课，那门课呢其实就是我从第三章信息描述的更升级的版本，有更深入的版本，我让他们去讨论呃协和和同济两个公众号里面的挂号系统，我们就会发现这种粉分类体系的不一样，比如说大家知道现在协和是一个很大的业务，有很大医院他们都有很多园区，对吧？,0,0,0
info_3,15:31.850,16:01.670,比如说有有个医院像我我忘记了好像是协和结合，好像一进去它首先归类的这个园区，就是你要挂号的话，因为它是三个园区，一个系统你进去之后挂号，它首先会让你选是它的主园区，还是它的中法园区，还是它的啊中院，它会让你选，但是统计就不是这个样子，我这一进去它就是科室了，那你觉得哪一个对你来说就方便？,0,0,0
info_3,16:01.680,16:08.640,呢你看虽然都是做的分类，也就是用户一进去之后是第为什么？,0,0,0
info_3,16:08.650,16:24.350,因为归类是用户按照你的逻辑在走，他第一个界面看到的是园区，那他就必须按园区进，他第一个界面看到的是科室，他就不需要按，科室记，那你觉得对你来说你跟倾向于哪种分类标准的选择？,0,0,0
info_3,16:25.420,16:34.180,呢就是按理科室那可能有不同的人会有不同的需求，你们为什么要出去呢请问一下？,0,0,0
info_3,16:34.930,16:39.070,不是好，找不到人好找一些大人是哪个时候？,0,0,0
info_3,16:40.250,16:58.010,是比如说是比如说是我一般情况下，他每个园区都很多科室都有，啊它是两三个独立的啊，园区，啊比如说心血管可能三个原因跟我其实对我来说，我更倾向于先选园区，为什么？,0,0,0
info_3,16:58.020,17:12.020,呢因为我是武汉人，我总有离得近离得远的，我总有考量说唉我可能觉得主园区可能医生水平高一点，吧嗯，我可能会有这样的桥梁对吧？,0,0,0
info_3,17:12.030,17:14.420,大家想过你的这个需求吗？,0,0,0
info_3,17:14.430,17:37.780,你信息的需求，但是一个外地人他不一定呢他可能会说我要看什么病，那他可能首选的是科室，当然他可能也会有我这种需求里面去，所以那我更倾向结合的这种做法，先分园区，再分科室或者也可以怎么办？,0,0,0
info_3,17:39.360,17:48.060,大家想一想一个界面进来，我可以按圆区分，按可区分，想过吗？,0,0,0
info_3,17:48.420,17:58.790,其实这就是一个分类体系标准选择的问题，选择的不好，用户跟着你的鼻子走，被你牵着鼻子走的时候，他会觉得很不舒服。,0,0,0
info_3,17:59.290,18:27.120,其实这两个医院的挂号系统，因为我前段时间家里有人生病，我都试过，那我觉得整个来说啊整体来说都是我上次不是说你们学这门课要注意观察你实际用过的这些系统，啊你要抱着批判的眼光，整体都做不了不好的原因，当然很多，一方面就是我们说的很多的最基本的点，他没有考虑到多样用户的需求，这是一。,0,0,0
info_3,18:27.130,18:29.840,第二个数据不完整，第三数据的结构。,0,0,0
info_3,18:30.470,18:41.010,那么这个都跟我们第三章进行描述有关系，啊其实也就是你看的是你用的一个系统组成都是有数据支撑的，而这个数据是怎么组织来的？,0,0,0
info_3,18:41.020,18:53.540,呢就是我们信息组织来的信息组织来的，这个我可以把这个例子你们下节课我们讲袁书记的时候也去讨论一下，因为我是把它放到研究生，他们今天晚上要做这个讨论。,0,0,0
info_3,18:54.530,19:13.430,啊好，那么这是有这样的一些概念逻辑方法，那我们呃后期再讲第五章和第六章分类法和主题法的时候，都会跟我刚才讲的概念逻辑有关系，所以我们才会把它作为非常核心的一个方法的基础。,0,0,0
info_3,19:13.460,19:36.790,比如说其实我们编制分类法的时候往往是这样的，首先我要考察这个只是领域的要素和属性，然后再依据共同的属性来概括出它的大类，再从大类划分成子类，最终形成呃等级关系分明，概念内涵外延清晰的内部体系，是这样的一个过程。,0,0,0
info_3,19:36.800,19:49.150,啊那么这个呢我们把它放在第五章再给大家展开，所以呢我们第二章就是给大家讲一下信息组织的整个原理和基础的问题。,0,0,0
info_3,19:49.230,19:51.600,好，那下面呢你就记。,0,0,0
info_3,19:52.470,19:56.380,好，我们上课了，虽然没打铃铛，时间已经到了。,0,0,0
info_3,19:58.750,20:07.300,好，我们先把上次课的内容简单的来回顾一下，呃看看他跟我们第三章以及后面章节什么关联。,0,0,0
info_3,20:07.310,20:32.680,啊我们第二章信息组织原理，主要是想告诉大家信息组织后面使用到的一些方式方法，以及它的一些理论，跟其他的学科之间有什么关系，有没有借鉴到呃其他学科的一些理论，所以呢我们就先是给大家安排了第一节实施组织原理设想，那么在这一节核心重点是要告诉大家什么？,0,0,0
info_3,20:35.720,20:46.320,我们如果你想不起来就想那个图好了，有一个图一个小朋友看的书对吧嗯那想表达一个什么样的意思？,0,0,0
info_3,20:50.680,20:59.320,呢其实想要表达三个假设，三个假设，从而引出，信息组织的基本原理，那三个假设是什么？,0,0,0
info_3,21:00.800,21:09.780,你也可以结合你的作业，就结合这个图结合你的作业你就知道，也就是我们三个假设是信息要以适当形式能够表征出来，对吧？,0,0,0
info_3,21:09.790,21:26.570,信息的特征，而且需求也要能适当组织表达，更重要的是两者要能够来对等来匹配，那怎么如何让我们的需求和我们的信息特征的表达一致性很高，能够很好的对等匹配。,0,0,0
info_3,21:26.580,21:32.190,呢那我们就引出来是这些组织的基本原理是是什么？,0,0,0
info_3,21:32.200,22:02.690,呀规范控制我们是需要有标准的，需要需要有控制的，所以大家等一下在第三章我来学习的时候，你就会看到这个信息描述这个环节，那这个规范控制是观察其中的，所以这个是在我们第一节想要表达给大家的最核心的思想，啊所以就像这样的啊我刚才带带大家思考的这个过程，就是你说复习的过程你就应该是来复习，而不是把它背下来。,0,0,0
info_3,22:02.860,22:09.110,你要问这几个问题，你说这一点老师想要传达的最核心的点是什么？,0,0,0
info_3,22:09.230,22:13.050,那么老师来把它引出来的逻辑是怎样的？,0,0,0
info_3,22:13.060,22:16.890,好，那第二节呢我们重点讲的是什么？,0,0,0
info_3,22:18.910,22:31.400,嗯就是按照上一节我们需要规范控制，那怎么来规范控制呢信息组织，要吸收其他的学科，哪些方式方法，哪些理论基础呢对吧？,0,0,0
info_3,22:31.410,22:38.370,所以我们学科基础是分成三个方面，第一理论基础，第二方法论基础计算基础基础。,0,0,0
info_3,22:38.730,22:49.370,而理论和技术都比较简单，所以我们要展开讲，我重点讲的是方法弄清楚，那对于这一节的内容你画一个表就可以了吗对吧？,0,0,0
info_3,22:49.760,23:06.440,信息组织的学科基础分成三个部分，第一个部分理论，第二方法，第三，即使包含很重要的信号，然后方法论基础我们又讲了三个，第一个是语言学，对吧？,0,0,0
info_3,23:06.450,23:13.680,语言学我们又分了三个层面，语法语句它的引用，好，怎么来理解这三个层面？呢看例子。,0,0,0
info_3,23:14.350,23:28.770,例子，比如说语法，我们提到词法句法举了一些例子，比如说这些检索检索它只有动词用名词在英语里面，你做retreat和retable它只是一个词形的变化对吧？,0,0,0
info_3,23:28.780,23:34.320,那就是磁法层面的东西，所以看例子来引入你对这个的理解。,0,0,0
info_3,23:34.730,23:59.470,然后语义层面我们提到一致多义一行同义等等问题，而概念逻辑就是我们第三节讲的内容，因为内容太多了，所以把它提到了第三节，所以也就等于说啊我们第二章先是通过一个图，比如大家对信息组织原理的这样的一个理解，基本原理是规范控制，那规范控制从哪里来，呢以什么为依据？,0,0,0
info_3,24:00.150,24:14.540,呢那我们第二节就来看它的理论基础，方法论基础基础基础啊那在方法论基础中间，我已经说过大家重点要掌握的是语言学概念逻辑，这两个你必须要能够知道。,0,0,0
info_3,24:14.550,24:19.290,啊好第三节概念逻辑的核心重点是什么呢给大家。,0,0,0
info_3,24:19.460,24:23.620,好，那么我们先看第一节的内容，什么是信息描述好？,0,0,0
info_3,24:23.830,24:45.440,细心描述呢好像反了，肯定是调整的时候方法这个要信息描述呢它有几个名字啊在传统来说它叫信息注入，也叫信息编录。,0,0,0
info_3,24:45.600,25:00.110,好编目大家听这个名字，以前图书馆有个岗位叫编目员，他是有职业认证的编目员编目指的是编制目录，对吧？,0,0,0
info_3,25:00.120,25:18.460,你像我大学同学，因为我们当时你才变成信息学这个专业，所以我很多同学都在图书馆工作，那么编目部和参考咨询部是专业含量最高的两个部门，所以我的很多同学都在编目部，但它现在呢不叫编目了，为什么？,0,0,0
info_3,25:19.460,25:38.940,呢因为以前他们更多真的是图书，而现在呢资源类型增多了，现在很多的图书馆把它叫做文献建设，文献建设湖因为外延扩大了，嘛所以我觉得这个名字确实更符合，但不管怎么样，边路仍然是他们的核心工作。,0,0,0
info_3,25:38.950,25:57.020,啊好，那边部是做什么，呢你就在传统的这个含义里面有任何反应，呢嗯这电脑也没反应，看指标有没有反应。,0,0,0
info_3,25:57.220,26:13.480,好，那其实它的过程指的是根据特定的信息管理规则和标准那标准化就出现了将存在于某一物理载体上的信息资源外在特征和部分内容特征进行选择描述和给予记录的过程。,0,0,0
info_3,26:14.010,26:47.830,好，从这个定义上来说，我们可以总结出来，第一，我们边路是需要有调整的，第二，呢它针对的是存在于某种物理载体上的信息资源，那这其实也就告诉你，这主要针对的是传统文献，比如说我们传统文献大多是纸版的纸质载体，图书啊期刊啊都是纸质代替，那对于这种在职上进行资源，它的外在特征和部分内容特征选择描述和给予记录的过程就叫信息描述。,0,0,0
info_3,26:48.110,27:02.910,那么对于传统文献资源，他们的外在和内容特征是比较容易区分的，比如说图书、啊期刊论文，等一下我会让大家来自己先做一下，但是对于实体和网网络信息资源内外特征是难以区分的。,0,0,0
info_3,27:03.860,27:12.590,就像我上次举个例子，一个水杯那你能说什么是它的内容特征，什么是它的外在特征吗？这个很难。,0,0,0
info_3,27:12.830,27:26.810,我们一般是要分析的是用户的需求以及信息资源利用的流程来合理选择家庭特征回到我刚才那个挂号系统，大家想想挂号系统，后台其实组织的是什么信息？,0,0,0
info_3,27:26.820,27:33.160,啊他需要有病人的信息，有医生的信息对吧？,0,0,0
info_3,27:33.220,28:41.380,有医院的科室的信息，而这些信息之间是有关联的，比如说医生和科室，医生和科室是要有联系的，那我把哪些信息把它放到我们的挂号流程里面，用户在整个挂号过程中需要我刚才讲的信息的哪些特征，都是你对挂号系统设计的要把握的，我我刚才不是说了这两个系统，你们可以有空下去试一下，在公众号里面关注这个武汉协和统计，你就可以试一下它的挂号系统特别难用，特别难用难用的关键就是我们来说的，它并没有考虑用户的需求以及信息资源利用的流畅，就像我刚才举的那么简单的一个例子，他们做的就不是特别好好，那么这是对于我们的这个所以既然不能区分它的内外特征，那我们后面再讲原数据的时候，经常会要提唉我们的用户需求是什么，整个信息资源利用的流程是怎样的，然后再来决定我怎么来分析和选择特征。那么信息描述的结果是什么？,0,0,0
info_3,28:41.910,28:51.870,呢传统文献信息资源描述的结果往往是一条啊有多个项目构成的，关于该信息资源的输入数据，所以为什么叫编目？,0,0,0
info_3,28:52.070,29:02.890,呢也就是我最终生成的是一条输入数据，那最早的是存在纸质卡片上的，我们把它称为款管控，现在呢都是存在数据库，我们就把它叫记录。,0,0,0
info_3,29:03.420,29:18.340,其实我说的这么玄乎，大家想一下你们的成绩管理系统就清楚了，比如说你们在成绩管理系统中间，其实就是一条被描述后的记录，对吗？大家想想是不是这样的？,0,0,0
info_3,29:18.590,29:34.270,也就是这个系统在分析你的一些特征，学号、啊姓名、啊专业，呀你来的籍贯，呐甚至你的一些分数，啊唉它在分析的侧重，并且把它存在我们的数据库里面，那你就成了一条记录了。,0,0,0
info_3,29:34.280,29:40.350,好说起来简单，有同学那这不是很简单，嘛你这个学生在这里，他特别不是在这吗？,0,0,0
info_3,29:40.720,30:03.040,我上次也给大家举个例子，一个人同样是人在不同的系统里面，我们的信息需求是不一样的，就相当于说你的，学生你的这个学号和你的这个院系专业，在你的整个考试成绩中是重要的，但是在相亲系统里的什么是重要的？,0,0,0
info_3,30:03.050,30:05.400,你的长相是重要的，对吧？,0,0,0
info_3,30:05.410,30:09.500,你的学历收入是重要的，大家想想是不是这样？,0,0,0
info_3,30:09.510,30:13.990,你看不一样，啊那就要涉及到分析和选择的问题。,0,0,0
info_3,30:14.120,30:34.320,好，那么我们来来看一下，如果我们从最简单的开始，难的我们放到下下次课再讨论，谁从最简单的开始，按照我刚才说，也就对传统文献资源，我们是很容易区分它的一些特征上，那大家都手上好多同学都拿了书，那你们怎么描述你们手上的图形？,0,0,0
info_3,30:35.220,30:38.230,呢如果把这个任务交给你，你怎么来做呢？,0,0,0
info_3,30:40.130,30:42.680,大家来看看你们学校的题目你怎么了解它？,0,0,0
info_3,30:46.270,31:04.010,还有书名或者出版出版社9这个版本版本的类型类型类型指的是什么专业性？,0,0,0
info_3,31:04.840,31:06.850,专业系列教材。,0,0,0
info_3,31:07.400,31:10.670,那那说的好像是这个你指的是这里吗？,0,0,0
info_3,31:11.210,31:13.680,对，电子商务系列教材。,0,0,0
info_3,31:14.300,31:16.610,你那有没有同学给他一个总部的名字？,0,0,0
info_3,31:16.620,31:23.970,你看这位同学只是类型，他在提类型的时候我就觉得成果过，为什么？,0,0,0
info_3,31:23.980,31:28.960,呢因为我们提类型的时候，类我刚才不是刚刚讲过吗？,0,0,0
info_3,31:30.520,31:37.540,类一般题的时候，如果抛开按什么什么分题类型都是瞎说的，对吧？,0,0,0
info_3,31:37.690,31:39.890,那我们这个类型其实是什么？,0,0,0
info_3,31:39.900,31:45.960,呢是用专业可不可以这样说可不可以？,0,0,0
info_3,31:45.970,32:03.370,那其实这个对图书而言，它有个专业的名字叫重出项，从书巷系列嘛系列的意思是还有别的区分那你好玩，系列教材大家从天下嗯还有吗？,0,0,0
info_3,32:03.380,32:07.850,就是你现在不光看这些书，你大概能够找到的特征就这些吗？,0,0,0
info_3,32:09.050,32:19.550,颜色，对，你们第一次就看了、颜色、嗯这样子、厚薄厚薄厚薄，这个你要怎么描述它才对呢？,0,0,0
info_3,32:19.790,32:22.260,比如说我手上拿这个书是空还是薄？,0,0,0
info_3,32:22.270,32:38.690,呢厚，我这叫厚，可是我认为这本书很薄也好，页数很对，呀所以页数是你能够得到的，而且是比你刚才说的不薄，更准确的方法，看到没有？,0,0,0
info_3,32:38.700,32:48.150,就这么一个简单的过程，你就看到大家的想法，大家对根本性的描述就出现了一个问题，为什么出现问题？,0,0,0
info_3,32:48.160,33:02.760,比如说刚才提到类似这位同学认为他的类型他心里很清楚，他来读信他的类型，可是对我来看这个类型有可能是另外的含义，那我们俩能对等吗？,0,0,0
info_3,33:03.220,33:06.290,不能，啊我们俩对不起，来怎么能匹配呢？,0,0,0
info_3,33:06.490,33:30.810,能不能检索呢好，比如还有刚才我演示的那个后方其实是个什么样子，嗯你就大家都知道这个属性，大家对这个属性没有意义，对这个特征，没有意义但是你对它的主意义，嗯这个值如果我说厚有点厚，这属于一种主观性的表现。,0,0,0
info_3,33:31.190,33:39.410,就像我前面让同学们描述我的时候，我们就讲过了，说张老师有点高，有点高是跟谁比？,0,0,0
info_3,33:39.420,33:42.480,呢跟男生比还是跟什么叫有点高？,0,0,0
info_3,33:43.390,33:52.860,唉那有没有老那在这里，比如说1:7没有啊不少的有1.7，那这也会涉及到一个值的表达吗。,0,0,0
info_3,33:53.350,34:04.660,所以你会看到其实一个最简单的，我们虽然在给他这样一个例子过程中，是多个描述项目构成的书目记录，但真正来做起来还是挺难的。,0,0,0
info_3,34:04.830,34:15.560,那我们现实生活中的图书馆是怎么做的，呢我们先来看一看概念小，讲大家看实践啊会呃理解的更清楚。,0,0,0
info_3,34:15.570,34:29.670,好那大家我刚才说的，那我虽然是你说起来很简单，啊我得到一些描述项目，但是这些描述项目怎么来选，怎么来呃定义刚才的标准都是非常重要的。,0,0,0
info_3,34:30.330,34:37.160,好，那对于网络资源的话，那我们一般都是直接存在数据库里的啊啊，就是描述的结果就是记录。,0,0,0
info_3,34:37.420,34:52.810,那对于知识组织的结果，那这个大家要注意一下，我们在第一章讲过信息和知识之间的差异，我们还提到说啊知识是经过人的大脑处理之后的，对吧？,0,0,0
info_3,34:52.820,35:27.160,人不断来吸收信息，它经过人的大脑的这种思维能力，最终可以转化成知识，但是呢我们也很想呃把人的模拟人的大脑的这种知识存储和处理的这种问题，那我们就提出知识组织，那虽然知识存在人的大脑里不可见，但是我们可以模拟人的这种知识存储结构，那就是网状结构，那这种存储，呢我们这种描述呢我们把它叫知识描述手段，而这种知识描述的结果呢就不是存在关系型数据处理，那它是存在非关系中处理。,0,0,0
info_3,35:27.280,35:34.670,数据库里，比如说graph这个在无数据库里，那么这时候描述的结果就可以看成是知识网络了。,0,0,0
info_3,35:34.800,36:06.450,那这个后面我们会有一些例子给大家，啊代码和特定结构记录在计算机存储，在笔上可以由计算机自动控制处理和编目数字的目录就叫MAC，他的目的是一次输输入多项检索，你就只要我把那些特征项描述出来了，我就可以你看我们图书馆馆当中可以通过好多特征来种植，同时它可以输出多种载体的草木，什么意思呢？,0,0,0
info_3,36:06.580,36:21.000,你就我现在有MAC之后，我想打那个卡片，我想打印出纸板的这种出目的这种目录也是很容易，同时它可以网上传输，实现合作边的和连接连锁。,0,0,0
info_3,36:21.230,36:42.310,刚才我给大家演示的例子就是连锁，那是因为克里斯它有一个专门的联联合目录库，那么有这样的一个目录库，就帮我们全国很多的图书馆节约了节约了很多的人力，那他是工作机制是怎样的，呢我们后面讲完Mark再讲啊好。,0,0,0
info_3,36:43.140,37:02.700,那么目前呢 Mark是国际标准，就不光中国使用马克思路化马克的发展，这个大家看一下这些很简单的东西，我就不再讲了，我们讲最核心的，好，那个呢是采用记录的形式来记录信息，那每1条记录都是有4个部分构成的。,0,0,0
info_3,37:03.750,37:23.810,好，我来解释一下，也就是max就是用来描述图书的一个标准规范，这个我讲的很清楚，吧我们全世界的图书馆都使用这种标准规范，那么按照我们刚才说，其实对于一个信息描述而言更重要提取信息特征，那么信息特征在MAC中怎么来体现？,0,0,0
info_3,37:23.820,37:47.380,呢就是用这样的数据算句来体现的，但它为什么还有这样的4个部分呢我给大家解释一下，第一个部分叫镜头标区，其实它是给计算机自动化处理记录的一些参数，那就是固定24个字符，那么这些辩护人员一般不用来操作，我们系统会自动生成。,0,0,0
info_3,37:47.390,37:59.730,好，那么接着的是地质目测区，那么它是我们每一个输入的数据字段，它的长度和席位也是计算机会自动不用管，那么这个更不用管。,0,0,0
info_3,38:00.870,38:13.490,其实这4个部分我们要关注的就是数据不断去就是 MAC有哪些数据字段，这些数据字段是怎么来描述一本书的，这是大家要关注的重点。,0,0,0
info_3,38:13.840,39:19.160,所以我们下面来看一下数据字段区，那么MAC的数据字段区呢不像大家想的那么简单，就是你们手上拿的这本书，我如果让你们尝试，你们可能最多能给出十几个特征，但是嘛会有一两百个字段，一两百个字段，大家可以想象这个详尽的程度，那么对于这样的字段，呢它把它分成10个功能牌，每1个功能卡也包括弱段字段合成，那么字段采用的标识符有这样的，等一下我们回到例子去看就知道了，标识符包括字段标识符，这段标识图就是图书的一个描述项目，举个例子，比如说提名责任者就是一个描述项目，它就叫字段标示符，那么第二个叫子字段标识符，那么有两个字符，第一个字不是刀落不放，但是我们华是图书馆不是用的刀落不放，等一下大家会看到它只是显示出来不是用的刀落不放。,0,0,0
info_3,39:21.270,39:46.810,回到我们刚才那个例子来解释一下，我们只讲其中最重要的这个字段，啊我有一个没有好像没有没有发给大家，下次我发给大家一个呃我们的字段一览表会把这所有的字段含义都给大家弄清楚，你可以参考那个字段一览表。,0,0,0
info_3,39:46.880,40:09.230,好，那首先我们来看一看零开始的，零开始呢我们一般是标识信息就是给计算机来处理的，或者是唯一来代表这本书的相应信息的就是相应特征的这样的一些字段要标识信息，比如说001叫记录标识，这个有点类似大家的学号。,0,0,0
info_3,40:10.710,40:21.600,好，005呢是正常记录的处理时间，那么这个处理时间系统会自动生成，所以不用管，而且它自动生成的是有物理格式的，为什么？,0,0,0
info_3,40:21.610,40:24.200,呢因为这样有便于核查对不对？,0,0,0
info_3,40:24.250,40:44.400,因为大家知道每一条我们的呃目录生成之后，在图书馆是要经过好几个老师的，因为有老师身边，然后还有审核员，还有最最终上传到Chinese目录的人员，所以他可能会有不同的人来有不同的这种处理时间，那这个系统会自动生成。,0,0,0
info_3,40:45.680,40:59.410,那么最重要的一个字段就是010，010这段就是刚才解释的，它代表的是xb型号装订方式与移库的方式，而货的方式一般都是它的价格多少？,0,0,0
info_3,40:59.840,41:29.590,钱，而这个这个人民币还有不同的货币形式都是标准化的，就像刚才大家看cny那就是人民币的，那比如说美元它有自己专门的这个标识图，那所以这是我们的标识信息化主要是用来计算机来处理的，呃以及唯一来做这本书标识的像艾滋病号这样的信息特征，把它放在零开始的这个标识信息。,0,0,0
info_3,41:30.200,42:08.130,好，第二个信息呢是叫编码信息块就是标开始的，编码信息呢其实就是跟我们这本书时间语言正极有关的，啊也那我刚才说的出版国和出版地区，但是呢它都经过了严格的这种地区编码也不是随便给的，就像刚才大家看到的102这段CN出版国就是中国1100，那就是手机在整个market中的出版录取，代码就你不能随便去填北京，而你需要去给它标准化的这种代码。,0,0,0
info_3,42:08.560,42:21.410,好，那么101的于总我刚才给大家已经讲过了，105呢比较难，105可能对于大部分的编目人员是比较困难的地方，我们来看一下我们这个例子。,0,0,0
info_3,42:26.450,42:36.970,好，我们来看一下我们这本书的105，105如果你不看不看我我刚才说的字段，阅练不了，会说明你可能看不太懂。,0,0,0
info_3,42:38.040,42:56.260,那105字段你看里面全是经过了编码的数据，那比如说105编码只是不是空着的，只知道a后面你看ac啊00y也就是每一位都有自己具体的含义，至于这个含义是什么，可以去查边的什么。,0,0,0
info_3,42:57.330,43:16.870,你就每那其实更多具体的含义指的是比如说这本书嗯他有没有图，啊有没有索引啊等等这种详细的信息，那我就把它放在105里面，那么具体的注入过程你就直接按照它的啊这个说明手册来完成，你说每一位的含义是什么？,0,0,0
info_3,43:16.880,43:21.950,这本书它是什么样的特征，那我们把它做成就可以了。,0,0,0
info_3,43:22.250,43:31.480,好，那么你看这本书到这里，就是我们这本书的标识信息和编码信息基本上都是给计算机处理来使用。,0,0,0
info_3,43:32.550,43:42.740,大家想想这前面那些信息是不是大部分场景下我们用户截图的时候是看不到的，看用户结果店面中这些信息是不出来的，为什么？,0,0,0
info_3,43:42.750,43:56.310,呢因为它很多是给计算机后期来处理的，但是这个就是我们最详细的回复信息了，所以二呢是最重要的呃 Max数据推广。为什么？,0,0,0
info_3,43:56.320,44:53.260,呢因为大部分图书的信息都在二这个功能卡中间来体现，我们来看一下二这个叫注入信息款，就是为什么说它重要呢是因为二这个那个信息款里面呢就把我们前面讲的SB这个大部分项目都包括进去了，那而且呢二里面的这个每一个数据都可以用于提供检索表，就是我们在前面用户如何来限定自己的检索选项的时候，我们的二中间的字段都可以作为限定，举个例子和平民责任的具体分类，都可以作为这种检索点，啊只不过我们的呃主题分类呢是把它放在父母和6里面，大家可以设定更多的这种检索点，我们回到例子中间给大家解释可能就清楚了。,0,0,0
info_3,44:54.920,44:56.340,好，我可以把它列出方程。,0,0,0
info_3,44:57.580,45:14.180,好，我们回到这个例子，我把前面的先删掉，啊因为这个已经讲过了，好，我们来看一下二开始的这个就比较友好了吧，为什么？,0,0,0
info_3,45:14.190,45:40.850,因为这是就是你们刚才从一本书你直接可以看到特征，比如说二200就是指的提名责任者，只知道a就是提名子子段大写字母，a是开率子自己家的增设的一个子字段，就是汉语拼音，那正是因为增生了这个子字段，所以你用汉语拼音也是可以完成的，因为它有这个子孙的数据给你。,0,0,0
info_3,45:41.350,46:05.420,好，那么后面这个就比较特别，就是子计算d子计算b呢它指的是并列题目，就是不同语种的，呃有同学说老师我这个用不用记不用记，我刚才说我们会有一个字段一览表，你也不你也不是现在就去做编目工作，如果你要做编目工作，那你必须要非常非常熟悉。,0,0,0
info_3,46:06.340,46:12.880,不这边工作大概了解一下，我们有个4张一览表，你对着那个4张一览表看得懂就可以了。,0,0,0
info_3,46:13.120,46:20.730,好，那么我们这是并列题名那纸质的，f呢就是我们的责任，对吧？,0,0,0
info_3,46:20.920,46:40.370,那唉折算f和子算g是不同的责任的，因为大家知道这本书是翻译过来的，所以它有圆柱的，左边也有翼柱的，所以这是两个作者，那只计算z呢就是圆柱的这个作者的它的这个语种，这是女的。好。,0,0,0
info_3,46:40.670,47:01.080,那么210呢就是出版发行项，就是从版权页中间得到的出版发行，那么很明显就是武汉的武汉大学出版社2019年出版的215出版社的载体形态，代理形态就是这本书外在特征，对吧？,0,0,0
info_3,47:01.090,47:12.820,表现出来的比如说它355页，那么有除24厘米，好，那么我给大家解释一下这个24，那么我们竖有高有宽的24指的是什么？,0,0,0
info_3,47:14.940,47:40.520,呢你要有标准规范，呀是指的这个你看它有厚度，呀你看有这个有这个尺寸有这个尺寸还有厚度的尺寸厚度，我们用尺码这个页码已经表示了355页，那这一般指的是长边，我们是不是还有一些书是色红的糖，那也是以长边为主，长边是多少？这里可以注入多少？,0,0,0
info_3,47:40.540,47:43.150,普遍知道这本书的呃外部特征。,0,0,0
info_3,47:43.220,47:48.110,好，那么225呢从这里大家看一下，你觉得它是什么项目？,0,0,0
info_3,47:50.280,48:30.260,结合我刚才讲的重书项就是225是重编项重编项，你就这本书属于信息管理学科经典历程，好，后面就是它的汉语，那么汉语拼音这个是中国偏离主角加自己加的自己加进来的，这是为了让我们的用户通过汉语拼音也可以找到相应的，所以这是我们的二到这里，嗯从这个我刚才讲的可能对大家来说有难度不要紧，反正下节课呢会有软件给你们来使用，为什么？,0,0,0
info_3,48:30.270,48:56.170,呢因为我现在是在讲，其实我们的图书馆的文献建设部门的老师，他不是这样打一个文本文件出来的，它是有个系统给它，允许通过系统的界面，像录入数据一样的通过分析把数据录到相应地段里面，并不是直接打一个文本文件，这个文本文件只是给大家来学习阅读来使用的。,0,0,0
info_3,48:56.270,49:12.580,那其实我们大部分的目录数据呢不是这样来原始编目的，那是有刚才我说的联合目录中可以下载的可以下载可以共享的，这个我们下节课再给大家讲。好，我们这节课就到这里。,0,0,0
info_4,00:00.410,00:20.380,那大家想我们平时包括你看的这些书，我们都把它叫做非结构化，对应我刚才说的结构化，让大家理解一下，也就是我们通过这两位同学对刘欢同学描述结果，我们人来听你的大脑是可以处理的，为什么？,0,0,0
info_4,00:20.390,00:27.940,呢因为你的大脑有这样的思维能力，但是计算机他是不能，为什么？,0,0,0
info_4,00:27.950,00:34.530,呢因为即使是一个人对计算机而言，它也是我们要描述一个实体而已。,0,0,0
info_4,00:34.790,00:45.770,那对于这样的一个人的这样的一类实体，那我需要有一个结构给计算机，这样计算机才能够更好的来处理好。,0,0,0
info_4,00:47.090,01:17.990,所以什么叫原数据呢？我们来看他的名字啊这个关于数据的结构化数据，只不过它这个概念里面的第一个数据，呢其实是把我们所说的信息知识等等内容框定出来，都放进去了，也就是你就可以这样来理解我们用来描述信息或者是知识或者是数据最终得到的那种结构化的数据，它就是原数据，明白了吗？,0,0,0
info_4,01:18.000,01:22.700,所以这个概念那刚才这两位同学描述的是原数字吗？,0,0,0
info_4,01:22.710,01:29.000,大家想一下他们描述这个这个是不是呢？,0,0,0
info_4,01:29.750,01:58.180,不是因为它不不够结构化，不够标准化，也不够规范化，你知道，吗所以那我们不是也提到正是因为我们有一定的结构，计算机可以处理，所以我们才能够来描述一个具体的资源对象，并且能够对这个对象进行定位管理，有助于它的发现有获取的这样的数据才叫原数据。,0,0,0
info_4,01:58.620,02:43.310,好那我们从非结构化的这样的文字表述把它转成结构化的，甚至有一些还没有描述出来的，比如说我们常见的刚才刘欢同学，我是请了两位同学用文字来对它进行了一些描述之后，他们得到的是非结构化的文本，我再把这个文本转换成原数据，但是我们是不是还有一些连这种前面两位同学的描述都还没有，啊你是不是要从整个的这个实物开始来做我们的元素出来，所以这样就会有些难度，我们今天的重点就是来通过实例看一看在这样的过程中间，你会面临哪些问题，以及这些问题怎么来解决？,0,0,0
info_4,02:43.930,02:54.550,这是我们今天的主要内容，这个大家清楚了，吧也就是你看刚才描述同一位同学，两位同学描述结果都不太一样，这是一对吧？,0,0,0
info_4,02:54.560,03:25.200,第二他们描述的其实是结构化程度是不太够的人来处理，来京是没有问题的，但是计算机是非常困难的，那我们就需要更高度的这种结构化和规范化的标准来出来，但是在这个过程中我们会面临哪些问题，呢会有哪些困难呢以及怎么解决，呢这是我们今天重点要要学习的，啊呃那按照我们上节课我就这个定义，通过一个小例子，大家再充分理解一下。,0,0,0
info_4,03:25.350,03:52.090,那其实我们一般说从如果是从资源对象的角度，广义上的原数据就是只要是用来描述这个数据或者信息最终得到的这种结构化数据，我们都可以把它叫做原数据，而狭义的主要指的是数字资源，所以如果在图形领域谈原数据，那他往往会跟数据图书馆连在一起，为什么？,0,0,0
info_4,03:52.100,03:57.740,呢因为纸板的我们这些文献有标准化的嘛在先，对吧？,0,0,0
info_4,03:57.750,04:09.580,也就是其实如按照我上节课说的MAC是不是也属于原数据标准吉尼亚，那只不过描述的是特定的规范出版的图书期刊这一类文献而言。,0,0,0
info_4,04:10.130,04:30.320,好，那么如果从狭义上，那其实指的我们网络上的各种各样的信息资源，包括你看我们人的信息到了网上之后，你也变成了一个数字化的，你不是一个活生生的人，你是一个对计算机而言是个数字化的这种存在，所以你也可以看作是这种数字信息。,0,0,0
info_4,04:31.170,04:39.560,好，那么从描述的项目来说，就是狭义的是指它的外在特征和部分内容特征，而广义的是各个层次的内容。,0,0,0
info_4,04:39.880,05:01.540,你看我们两位同学对刘欢同学的描述呢其实是设计不同的方面，但是这样还是远远不够，噢比如说你看他们并没有告诉我刘欢同学是20第几级啊19级什么专业什么学院，哪里来的，这样的背景信息都没有，啊对吧？,0,0,0
info_4,05:01.550,05:44.380,他并没有把他的各个方面的内容都描述出来，那甚至我们这个人的信息到了计算机里面，我们是不是应该还有一些管理类的信息，比如说这个信息我存进去，那他可能会包含这个同学的一些隐私，比如说考试分析，我不想让别人知道，那是不是也还有一些关联的其他的管理型的信息这个数据在里头，那这都属于就是从广义的角度，那所以我们下面来看一下谈到原数据类型的话，第一种分类就是如果按照我们的信息资源领域来分的话，就是各种不同类型信息资源就会有不同类型的。,0,0,0
info_4,05:45.090,05:50.740,那比如有生物源数据，那输送源数据就是我们前面讲的嘛是吧对吧？,0,0,0
info_4,05:50.750,05:55.820,比如说档案有档案的政府出版物，有自己的人出去，这是第一种分类。,0,0,0
info_4,05:55.830,06:28.030,第二种分类呢我们可以按照传统文献指导就是规范出版的纸板文件为主，那么也包括网上信息资源，但是我们更重要的是下面这个按照它的作用和功能来分，就是我的这个原数据对信息资源的作用和功能来分，那么它包括描述型的原数据描述型就是真真正正对这个资资源对象它本身的特征进行了描述和揭示，所以叫描述性。,0,0,0
info_4,06:28.070,06:36.210,第二类呢叫管理型，管理型可能并不是我们资源本身的特征，而是什么？,0,0,0
info_4,06:36.220,06:44.050,为了管理它而产生的一些，比如说创建者的数据啊存取权限啊等等，这属于管理性。,0,0,0
info_4,06:44.160,06:48.150,那除了这个之外可能还有结构型的，什么叫结构型？,0,0,0
info_4,06:48.160,07:11.180,呢举个最简单的例子，大家知道我们一本书可能大概有10张左右，那对于对于我们Mark而言，这是一整本书，大家要知道对一整本书，但是如果我们把它数字化之后，把它作为一整本书会不会产生一些利用的问题，大家想一下会不会产生一些用户检索和利用的问题。,0,0,0
info_4,07:12.060,07:19.160,你看我们MAC中间对整本书的对整本书内容特征的揭示，是不是只有分类号符合它的主题词？,0,0,0
info_4,07:19.170,07:24.510,啊一本书三十几万字四十几万字，你用几个词就能够表现了吗？不齐？,0,0,0
info_4,07:24.960,07:49.930,那我们很多的数据库是怎么处理的，呢他会把这一整本书10章把它变成10篇文的，就变成了一整个数字资源把它打散成比如说像我们这种数据有多少家，吧这个这个信息组织我看啊他就把它打散成那这个书就10张，打散成10个电子文档。,0,0,0
info_4,07:50.240,07:56.840,但是大家想一下，这对我短板成的这10个电子文档它是独立的吗？不是吧？,0,0,0
info_4,07:56.930,08:01.960,它应该有相互的关系，吧那它就会存在我们这里的信息了。,0,0,0
info_4,08:02.790,08:28.810,就是我们说的结构化的信息，它并不是我们这个书的章节的它本身所具有的特征，而是因为他跟别的资源建立了一些观点，一些特别是形式上的这个观点，比如说我的第一招后面跟上的应该是第二章，就如果有人查到第一张，那我是不是应该给他第二章的这种链接，是不是对他会不会出现这种帮助？,0,0,0
info_4,08:28.820,08:38.160,啊唉那如果没有这个结构化的原数据，那我就这10章就变成比例了，所以这叫结构型的原数据。,0,0,0
info_4,08:38.280,08:51.860,那么大家想想网络上的资源是也存在这个问题，我们刚才是以书，如果我们的图书传统图书数字化之后会有这个问题，那网络上的数字资源是不是也存在这种结构型的信息？,0,0,0
info_4,08:52.460,09:24.040,啊大家想比如说我们页面之间的跳转，我从这个月我想要导航我的用户到另外一个页，这背后是要有触摸点的，那这就是我们说的结构性的结构性的，除了这个之外，呢其实管理型的数据还有很多的教材会更加细分，比如说管理型数据里面也包括知识产权类的元素质，包括技术类的元素质，那举个太简单的例子，照片大家大家知道吗？,0,0,0
info_4,09:24.050,09:39.600,你们的这个手机拍照的时候，我不知道你们喜不喜欢发照片的网上去，其实在你发照片到网上去的时候，你那个照片带了很多的原数据在上面，你们知道吗？带了哪些元素素？,0,0,0
info_4,09:39.610,09:57.630,呢你比如说什么相机拍的，什么时间拍的，在哪里拍的，它的像素是怎样的，甚至你的机械设备的这种条，比如说光圈曝光度，全部都在这个照片上已经自动生成了。,0,0,0
info_4,09:57.840,10:11.020,这种原数据不是照片本身的，而是这个设备在产生这个照片的时候，它已经自动生成的技术层面，这就叫技术层面来制定，明白了吗？,0,0,0
info_4,10:11.030,10:18.520,那么其实外面有很多的承包机构，就依靠这些源数据来能够挖掘出很多的东西出来。,0,0,0
info_4,10:18.860,10:27.360,那么大家都知道这个美国的那个到处被通缉的，那个他们称为鉴别的那个是谁啊叫什么？,0,0,0
info_4,10:28.460,10:32.530,要去落灯对不对？他是他是为什么被风险？,0,0,0
info_4,10:34.530,10:37.760,大家知道这个背景背景吗？,0,0,0
info_4,10:38.770,11:10.430,这是跟美国安全部门的一个计划，棱镜计划有关，也就其实美国的安全部门是对我们的啊美国的一些特定的人群它是有监听的，它的通讯包括邮件和电话是有沟通的，这个斯诺登呢就是在偶然的机会上获得了这个棱镜计划一部分原数据，注意啊不是整个不是我比如说我跟我班某个同学啊聊天那聊天的内容呢是实质性的内容，它没有获取内容，它获取的是什么？,0,0,0
info_4,11:10.790,11:58.510,比如说我给你打电话，我什么时间给你打个电话，打了多长时间，那么这并不是我们通话本身的那种吧它不是我们通报的内容，但是呢它是大量的原数据的内容，而那我们美国的这个安全部门就通过这种大量的元素，更多还是系统自动生成的这种基础型管理型的数据，他都能挖掘出很多的东西，比如说水跟水有关，那么甚至一再依据这个人背后的原数据信息，一个这个人他在哪个机关认知，他在这个时间段做了什么工作，这又是关于这个人的源数据对吧？,0,0,0
info_4,11:58.520,12:44.210,把这些元数据再加进去，他就能够推断出来很多事情，所以其实是那么丰富的，没有很具体的通话和邮件内容，只是这些文字内容，但是就相当于如果有新来做这种数据分析的，他就是可以拿这个原数据来做一些所以就是我们有很多的这种数据，不仅仅包括我们说的描述型的元素，还包括管理型和结构性，它其实对我们后面的数字分析都是非常有帮助的，非常有帮助的，下面还是通过一个具体的例子来看一下这个最核心的部分啊这个最核心的部分，就是人数数据项和数据项的这个值如何来定义。,0,0,0
info_4,12:45.660,13:07.130,嗯我找了一个在网上找了一个模仿刚才大家描述的非裔结构化文本，这一段话看一下，这段话其实是红楼梦里面对王熙凤出场时的一个人物描述，我们放大一点。,0,0,0
info_4,13:07.370,13:32.210,我们下面大家拿拿纸出来两个同学两个同学坐近一点，两个同学讨论一下，按照我刚才给你们做的结构化的过程，你来把这一段文字给它一个结构化的数据项和数据值的这样的一个列表，听懂了没有？,0,0,0
info_4,13:32.220,13:36.810,因为这段文本按照我们说它是非结构化的，吧对吧？,0,0,0
info_4,13:36.820,13:52.260,它没有结构，噢但是呢我们可以提炼出它的结构，我要给出一个原数据，那大家就请提取它的属性元素及属性元，就是我们的数据项以及它的数据值。,0,0,0
info_4,13:52.270,14:08.850,好，我们来看一下这段话，所以这个人打扮与宗宗教不同，然后他说凯秀辉煌恍若神仙妃子，这是我们写文本的时候经常用的总括的一句话，对吧？,0,0,0
info_4,14:09.250,14:19.600,总领的一句话，他为什么网络仙子呢是因为它下面的一些穿戴，你说头上戴着什么？,0,0,0
info_4,14:19.610,14:35.160,你看它不光是头上戴的，我想问一下，你看了这个文本之后，你是眼前就有一个形象，这个人物形象那就是他描述的这个样子，对吧？,0,0,0
info_4,14:35.170,14:39.280,那你现在要做的就是把它的结构化，两个同学商量一下。,0,0,0
info_4,14:43.760,14:47.850,好，我发了三位同学的在里面还没有出来。,0,0,0
info_4,14:54.130,14:59.430,好，我先说一下第一位同学刚才给我的反馈，他们觉得这是什么？,0,0,0
info_4,14:59.650,15:02.280,有一些难困难难在哪？,0,0,0
info_4,15:02.290,15:05.200,呢就是这个配饰到这个地方。,0,0,0
info_4,15:05.640,15:16.430,你看他画了大括号大括号的意思是它这个特征项可能是一个层次型的特征，如何处理的问题，对吧？,0,0,0
info_4,15:16.440,15:45.120,你看头饰、包配饰、包头饰项式，而他用了一个数据上叫53，五官里面他又认为又有眼眼睛，眉毛，还有甚至更多，他同时定义了一个体态和神态，这是我们第一组同学看一下我们第二组同学又不一样，我们第二组同学呢，你看他是这样来定义的，一，头饰，眼眉，请看纯面容和。,0,0,0
info_4,15:48.580,15:57.260,猜，大家看一下啊我们第二位同学的这几个数据项数据值，我们再看好我们来看第一个同学的。,0,0,0
info_4,16:02.710,16:27.640,好，我我想问一下，啊因为时间的关系可能有些还没有没有写完，但就是这就数据项而言的话，你觉得按照这三个同学哪一个数据是要描述之后，可能这个人在你眼前更加清晰明白了解第几个？你们为什么选第三个？,0,0,0
info_4,16:28.850,16:35.030,呢要求要求第一他比较详细是吗？,0,0,0
info_4,16:35.040,16:37.670,它是因为比较详细的原因吗？,0,0,0
info_4,16:38.010,16:41.940,光是比较详细吗？,0,0,0
info_4,16:41.950,17:12.250,下刚好下课了，大家思考一下，这个而且你来再对比一下有没有一些其他的问题，在这三位同学里面，呢我们不评论谁好谁不好，我只是说唉通过这样的是因为你描你给出这个框架标准了之后，就等于说红红所有的人物可能都要按照这个框架来用计算机了，呀而你做到计算机里面，我们做人物连锁的时候，是不是要这样来检索？,0,0,0
info_4,17:12.260,17:18.950,比如说这个猜字这个猜字谁带过，因为检索就可以检索到，呀对吧？,0,0,0
info_4,17:19.130,17:30.670,唉那我们这样的数据实际上对我们后期用户来利用红楼梦这本书的人物资源可能会有哪些不足，你更不要从这个角度来考虑好吧？,0,0,0
info_4,17:30.680,17:32.830,我们下课休息，为什么要通用数据？,0,0,0
info_4,17:32.840,17:45.500,因为你的系统是要跟别人的系统有可能产生数据的交换和传递，如果你不雇用一些标准，你就没有办法跟其他的系统进行一步操作。,0,0,0
info_4,17:45.910,18:17.200,好，那么其实我们再把它具体化一些，就是国外有一些常用的源数据，我把刚才这个图里面的把它呃就是再做一次分类的话，我们是这样做的，你比如描述一般型信息的原数据，像MAC、啊 Dc、啊 Tei啊那描述特殊信息的像档案、政府信息、地理信息就是比较特殊的信息，那描述图像的，包括图书馆艺术作品和e re靠这种可视化的文化作品等等。,0,0,0
info_4,18:17.210,18:41.720,啊国内呢其实也有一些原数据标准，但是呢这种原数据更多是跟我们数字图书馆的发展密切相连的，那比如说我们有新MAC，那其实我们的新bug就是复用了国际上的Mark标准，然后在中国的有一些特色的东西加进去，比如说馆藏啊自己的标识号啊等等对不对？,0,0,0
info_4,18:41.730,18:53.580,汉语拼音那是别人的啊标准，没有的，那我不用Mark标准，并且把自己的一些特色东西加进去之后，呢就成了一个新的信号，这样的一个标准。,0,0,0
info_4,18:53.700,19:03.540,那么其他的呢都是我们的数字图书馆在进行过程中的一些原数据，那这个等下我们会有北大图书馆的一些相应的例子。,0,0,0
info_4,19:04.170,19:22.630,好，那么这是了解一下这个类型，那么接下来按照我们刚才说的，既然每一个我们的原数据是描述具体资源对象的，所以呢不同的资源可能会有不同的元素，因为它是结构化要有不同的描述结构对吧？,0,0,0
info_4,19:22.640,19:24.790,所以我们说标准一般包括什么？,0,0,0
info_4,19:24.800,19:31.670,呢一般包括完整描述一个具体对象时所需要的数据项的集合。,0,0,0
info_4,19:32.720,19:44.350,那我们回顾一下刚才两位同学描描述我们同学的那个我们说的那是非结构化的，如果我们想把它转成结构化的原数据那怎么转？,0,0,0
info_4,19:45.220,19:48.540,呢那我们会提炼出哪些数据项呢？,0,0,0
info_4,19:48.970,20:08.920,唉那除了这个数据项，你看还要各数据项要有语义定义的制定规则，同时还有计算应用时的语法规定，我标红了啊核心点，第一数据项的集合，第二个数据是要有一定律的注入规则，那第三呢语法规定除了计算机来处理。,0,0,0
info_4,20:08.990,20:23.150,好，我们回到刚才那个例子，你看我们两位同学用的是非结构化的文本来描述的，如果我们想法来结构化，我们会提炼出哪些数据上呢所描述一个人，刚才他们用了什么？,0,0,0
info_4,20:23.160,20:28.280,第一句话说是长头发的美女。,0,0,0
info_4,20:28.480,20:36.210,其实这句话里面就已经有两个数据项了，吧哪两个数据项呢？,0,0,0
info_4,20:38.090,20:59.210,长头发吗长头发不是数据项，是对数据项的一种定义，语义定义筹划长短才是数据，像长头发是我们描述出来的那个值，这个大家同意吗？,0,0,0
info_4,20:59.680,21:03.840,好，第二个数据，项美女对吗？,0,0,0
info_4,21:04.350,21:09.210,那我们可以定是否美女，那它的值就是是。,0,0,0
info_4,21:09.890,21:40.500,好，那比如说我们张伟范同学刚才提到各自中等，其实它也有一个数据项，吧这个数据项就是升高，而他对这个身高数据项的语义定义就是中等，就这个集呢给的值是中的，好，但是大家想一下，刚才我举的这三个数据项，你已经面临一些问题，跟那个比较一下你不就知道了吗？,0,0,0
info_4,21:40.710,21:50.800,你看那个它是非常严谨的，比如说我的这个这个这个物理形态下这个书多大，这个书多厚，你看多厚，他用的是什么？,0,0,0
info_4,21:50.810,21:57.980,电脑多多大它用的是长边的那个长度，而且全部都转换成pm。,0,0,0
info_4,21:58.400,22:06.290,而你看你们刚才说的长头发长多长叫长多美叫美。,0,0,0
info_4,22:07.560,22:15.430,什么叫中等？对女生来说中等和男生的中等标准一样吗？,0,0,0
info_4,22:16.870,22:24.640,所以你看你们刚才的这种非结构化，即使我把它结构化过来，他也能做标准。,0,0,0
info_4,22:24.920,22:42.180,因为我如果把这个标准数据项给你，我相信我们在对刘欢同学的描述结果肯定是五花八门的，大家想一下不会这样五花八门，那这样的五花八门给计算机，你觉得他能识别吗？能处理吗？,0,0,0
info_4,22:42.380,23:03.190,嗯所以回到我们这里，那你就等于说作为我们专门做信息组织的专业人员，不能像刚才那样，我随意去描描述一个事物，然后也没有一定的结构标准，我们是需要给他定义一个数据项的集合，什么叫数据项集合？,0,0,0
info_4,23:03.200,23:10.470,呢就是我们刚才说的他的身高，他的头发长短，要不要作为描述它的数据项？,0,0,0
info_4,23:10.480,23:21.130,那第二个各数据项与一定律注入的规则，这个规则指的是就是我们那个取值，比如说一个人的升高，我用什么描述表格式呢？,0,0,0
info_4,23:21.620,23:30.640,那显然你要把它规范化了，比如说用厘米来做的话，那那你可能就1167对吧？,0,0,0
info_4,23:30.650,23:52.820,167CM，唉那如果大家都用羡慕这样一个单位来做的话，唉可能不标准了，所以这里的语义语义定义注入的规则，既包括我们说的，这个我要依据我的数据上定义给他一些值的描述规则，那么除了这个之后还要能够让计算机合适处理。,0,0,0
info_4,23:52.950,24:18.040,就像我刚才说，为什么刚才我们说的中等美这些不能给计算机来处理，呢因为它是主观的一种表达，他不够客观，我们计算机在利用一些数据的时候，他才不知道你的主观客观的差异，这种主观性就没有办法用客观性数据，他可能才能够做比较做分析，做后续更多的数据挖掘。,0,0,0
info_4,24:18.440,24:37.330,所以我们在要计算应用的时候，也有一些语法的规定，包括对数据的这种封装等等，所以我们这节课就是来告诉大家，我们再描述信息资源的时候，我们会碰到哪些困难，我们在制定标准的时候需要考虑哪些问题。,0,0,0
info_4,24:37.730,24:48.610,再接着我们这里讲，如果做不好，或者说有的时候做好，也没有办法，也可能会存在这样的问题，我们把它叫做互操作。,0,0,0
info_4,24:48.620,25:13.160,好，我们解释一下不操作，不操作指的是多个不同原数据格式的视图转换，以及有多个原数据格式描述的数字，信息资源体系之间的透明检索，透明检索的意思就是用户看不见，但是呢我的系统后台是需要自动来做这个转化处理，那有没有碰到过这种问题？,0,0,0
info_4,25:13.850,25:30.850,呢我们下面来看一下知网，因为大家没有，其实因为我们信息组织，我在第一节课就讲了，我们是讲的后台的东西大家看不见，但是呢你可以通过我们前台的检索界面来感觉得到。,0,0,0
info_4,25:30.980,25:37.420,好，我们来当知网为什么以知网为例，呢为什么为以知网为例？,0,0,0
info_4,25:37.430,25:40.340,我们来看一下知网是不是有很多不同的数据？,0,0,0
info_4,25:41.040,25:57.760,那按照我们刚才说的，这是不是不同类型的资源，呢那很明显，每一个数据库后台都有自己人数的标准之王你已经确定好了呀都有自己的标准，但是那为什么我们还可以实现跨步检索呢？,0,0,0
info_4,25:58.980,26:08.510,大家想过这个问题，你看我默认在这个文件检索里，他是选了期刊、博硕、论文、会议和报纸以及标准和成果。,0,0,0
info_4,26:08.640,26:26.930,那么大家想一个标准的数据描述项目和一个博硕论文的数据描述肯定不一样，啊比如说我们的博硕，论文会有指导老师，那我们的标准有指导老师呢肯定是没有的，那他怎么来做到这样的一个跨步检索的。,0,0,0
info_4,26:26.940,27:28.550,呢好，我们来看一看它的这个新版高级检索里面可能会给大家有一些体会，啊你看我们高级检索引进来，他直接就是做的文献文献，包括这些这么多这种类型都包括，而那我在这里选择，比如说那你看这里他给出的是片名，好那我现在检索一下，大家看一下这个结果，你会觉得很奇怪，我查的是片名里面出现信息组织，那我们的片名就是我这次的检索点，那这个检索点毕竟是后台原数据项目里面有的，要不是不可能完成，我这次检索大家想想你们学的、数据库，那散客语言是不是会这样给select什么什么from一个表where Where什么片名等于信息组织是不是这样？,0,0,0
info_4,27:28.560,27:34.880,所以天明就是我们的检索入口，就是我们检索点，好我们来检索试一下，看它是怎么来找。,0,0,0
info_4,27:34.890,27:49.660,啊你看他能够在所有的这些库里面帮我们找到1000页这个数字增值率4个1，找到这么多片，那大家想过没有，他是怎么找？,0,0,0
info_4,27:51.250,28:08.120,我相当于一次点所提交给了这么多的数据库处理，对我来说对我用户来说，我我知道我的检索入口就是偏移，但是你知不知道后面他们的入口是什么？,0,0,0
info_4,28:09.450,28:12.110,你知不知道呀不知道为什么？,0,0,0
info_4,28:12.120,28:17.570,呢因为系统后台做了不操作的作用，这个大家理解吗？,0,0,0
info_4,28:17.580,28:20.010,好，我们到学位论文看一下。,0,0,0
info_4,28:20.390,28:36.080,好，你看这个学位论文他也是在片林里给你找的，但是如果我们在普通的检索里，它就不会叫那他已经变了，不是我说的对了，看到没有？,0,0,0
info_4,28:36.330,28:55.210,你看我刚才明明选的是片名，但现在变成了提名，啊那如果我在标准里面的，你看你看他已经给你展现了他后面做过的不操作了，看到没有？,0,0,0
info_4,28:55.290,29:05.810,对我前台对我前端的用户而言，我是选择的就是天命，对我来说是透明的，如果不像这样观察，你根本不知道系统做过全部转换。,0,0,0
info_4,29:05.940,29:12.700,很明显你的片名选完了之后，这个 Step的语句到后面会会干嘛？,0,0,0
info_4,29:12.710,29:26.250,呀会对应到转到不同的数据库去，比如说标准就会转成标准名称，刚才的那个就会转成博硕论文，就会转成平民，懂了吗？,0,0,0
info_4,29:26.260,29:35.520,这就叫互操作，不操作也就这个不操作是我们的知网已经在后场已经做过了，他为什么要做？,0,0,0
info_4,29:35.530,29:38.870,呀他没有办法，呀为什么？,0,0,0
info_4,29:38.880,30:14.040,因为它底下这些资源本身资源就不一样，啊但是不同类型的资源它的特征上也不一样，那但是我要对我的用户提供一个统一检索的接口，那我就要做一个第二题，啊你看它就多个不同元数据格式，对于我们知网而言，每一个数据库每一类资源都有不同的元素，那他就需要在中间进行试图转换，需要进行解读，但是对用户来说呢是透明的，用户看不见，不知道后台做了什么，用户只知道我选的是偏离就够了就够了。,0,0,0
info_4,30:14.050,30:23.620,好，那所以呢我们再定义一个原数据标准，不仅仅要考虑一些资源本身的特性，我们还要干什么？,0,0,0
info_4,30:23.630,30:38.960,呢还要兼顾，这里写的啊要最大程度实现各类资源的发展和发现和获取方法上的，就是然后从功能、数据结构、格式、语义、语法等诸多方面保持一致。,0,0,0
info_4,30:39.120,31:15.340,那为什么知网能够这么轻易的来进行互操的转换，呢因为它背后在做原数据标准的时候已经考虑到这个问题了，所以它能够帮助你来做，那么大家想过没有，我们现在有很多的系统，已经大量数据已经生成了，最开始做的原数据不够规范就是不够标准，那他想给别的系统建立关联，就麻烦呀他想并到其他的数据系统里面共享给别人数据就很难，啊他想要共享别的数据进了别的，呢所以为什么要做标准规范？,0,0,0
info_4,31:15.350,31:31.890,呢这里就可以体会到了吧，因为你如果像如果你的数据名称不准确，嗯别人已经做好了，你想跟他对的，你的值也不做任何控制，别数据没有办法做处理，吧没有办法做处理。,0,0,0
info_4,31:32.970,31:38.730,所以我们要要做这种不操作，会有数据共享的这样一些一些的问题。,0,0,0
info_4,31:38.840,32:03.490,那所以对于我们啊不同原数据格式之间的转换，呢我们就把它叫做原数据的映射，就这个原数据标准和另外的原数据标准怎么来映射的问题，我们现在有大量的转换程序，好，上节课我们使用两个软件那个范文的软件，我专门提了一下，我说它的功能为什么紧张，它存在在哪里？,0,0,0
info_4,32:04.490,32:52.380,呢就是它除了是MAC的注入工具之外，它也是一个原数据映射的工具，它中间提供了很多的原数据标准，它可以把你的MAC格式转成很多次，它的格式，所以那个软件看着小很好用，也就是对外文的原数据划分划分，但是它不是是中文，那是外国人编外国人他来做的做出来的，那那大家可以看中间有一个我记得有一个选项，就是我们的MAC转成其他的元素的格式，他能够不能帮你转，但是大家要注意转不是对等于转，在原数据历史和转化过程必定会存在什么？,0,0,0
info_4,32:54.440,32:57.940,想过没有，必定会存在一些数据丢失。,0,0,0
info_4,32:58.770,33:10.260,举个例子，比如说我一个详细级别的原数据标准转成一个比较简单的原数据标准，是不是大量的数据项目？不要。舍掉了想过吗？,0,0,0
info_4,33:10.270,33:22.120,这是一，也就是除如果说我们两个原数据之间描述的项目还基本一致，其实我只是在数据项名称之间来进行对等映射度，对不对？,0,0,0
info_4,33:22.130,33:36.250,但是如果我们确实详略层次差别很大，那你会有一些数据丢失的，那比如说我的博士论文在做呃数据的时候，我是把MAC的这种记录要转成第一次那个就麻烦了，为什么？,0,0,0
info_4,33:36.260,34:00.120,呢因为map的记录有一两百个指标，而第一次只有15个人，那也就等于说我的MAC数据里面只能保留最核心的那是一个几个元素，滴滴里面有的我才能转，但是其实我们的图书馆里面Mark虽然一两百个阶段，但是控的特别多，就像我刚才说的有很多数据是空值，为什么？,0,0,0
info_4,34:00.150,34:04.310,呢因为我们的这个住的级别没有达到最详的级别，这是一。,0,0,0
info_4,34:04.320,34:08.110,第二个并不是每一本书都有那么多的题，对吗？,0,0,0
info_4,34:08.120,34:25.080,并不是每一本书都有那么多的作者，那他会有很多的数据，有些书很全，而有些书不够全，那它就有可能峰值，那对于这个也是原数据管理过程中的一个很重要的一个问题。啊好，那么。,0,0,0
info_5,00:00.040,00:06.750,分类和主题是信息表演的两种最重要的方法，这是第一点要注意的。,0,0,0
info_5,00:06.760,00:09.790,第二个一个或若干有影响吗？,0,0,0
info_5,00:10.750,00:30.780,对检索有影响，吗嗯，其实你们通过刚才那个团队收入例子应该有了解，呀如果那本书我只给他一个类号，那就等同于也就是我们的读者，他只能通过这个类号找到，这个而其他的类号是找不到的。,0,0,0
info_5,00:31.370,00:39.180,那相比较而言，我们会认为这本书被查到的概率就会降低了，这个大家明白吗？,0,0,0
info_5,00:39.190,00:48.160,所以一个和若干是直接影响检索结果，那有些什么老师那这样不行吗？,0,0,0
info_5,00:48.290,00:59.080,嗯那一本书我给他三四个五六个，我把它只要涉及到的学科都把它放进来，那这会带来什么样的问题？,0,0,0
info_5,01:01.560,01:10.680,比如说一本书他可能是跟计算机有关，跟我们这个学科有关，它可能也跟经济有关，但是它经济的东西呢它就讲一点点。,0,0,0
info_5,01:12.860,01:19.800,好，那比如说我我现在去找结果那本书，因为我是用我们的学科代码找找出来对吧？,0,0,0
info_5,01:19.810,01:26.220,啊或者经济类的一个人，他来讲这本书出现在他的结果里，那个人会觉得什么？,0,0,0
info_5,01:27.270,01:46.270,嗯你有什么感觉，你会觉得这本书好像跟我的检索需求不相关的，嗯很多这种，所以其实我们这里的一个和若干它是隐含着一个词的叫标引的深度。,0,0,0
info_5,01:47.490,02:09.140,我们把这个词写出来，啊因为它跟我们后面的讨论有关系，也跟我们后面的检索分析有关系，那你也可以考虑一下为什么搜索引擎查准率那么低，呢你想一下搜索引擎为什么一出来一两千万条的结果，而且后面跟你都没有多大关系吗？,0,0,0
info_5,02:09.360,02:15.720,那么这个大家比较容易理解吧表演的主体可以分成人工表演和自动表演。,0,0,0
info_5,02:16.460,02:25.550,好，我想问一下，你们觉得知网背后是人工的还是不够的不够的？,0,0,0
info_5,02:27.990,02:36.470,但是你会发现我们后面会讲好多的数据库，它都是人工加自动一起的，为什么会这样？,0,0,0
info_5,02:36.480,02:59.400,我们后面会讲，我们会后面会讲到，啊好，那么根据标识的录入形式，当然很好，可以分成分类表演和组成表演，根据标识是否进行规范控制，这个我要解释一下，这个我因为我发现很多同学不太清楚，是是否受规范的控制，把它分成受控和非控标语。,0,0,0
info_5,02:59.720,03:07.950,那我问大家，比如说刚才的图书，我们用中图法给它一个类号，它是受控标语还是推控标引？,0,0,0
info_5,03:08.340,03:11.520,受控受控那个这个规范是谁？,0,0,0
info_5,03:12.080,03:15.380,呢就是中国版，听明白了吗？,0,0,0
info_5,03:15.390,03:33.070,这就是受控压力，所以图书馆的书的内容特征的揭示都是人工受控这样的，这个没有问题，吧因为是有编制人员依据我们的规范工具给出最终的标识的，所以叫受控标语。,0,0,0
info_5,03:33.080,03:40.200,那第二个叫飞控，飞控也有另外一个名字就叫自然语言，表语自然语言指的是什么呢？,0,0,0
info_5,03:40.340,03:55.430,不是自然老师说的话，自然也就是我们平时沟通，或者说你在任意的文献中它原原始的样子，那就是自然语言平时沟通使用这些话都讲自然语言，而自然语言代理指的是什么？,0,0,0
info_5,03:55.440,03:59.870,我尊重信息资源的原始的这种老人它是什么？,0,0,0
info_5,04:00.330,04:11.570,样子的就是它没有任何规范控制，也就是我最终取的那个标识，呢它就来自于我的原始资源，听明白了吗？,0,0,0
info_5,04:11.580,04:19.910,所以你看我刚才看那个图书的话，你会发现我们有一些词并不是我能够说明我能看到的，为什么？,0,0,0
info_5,04:19.920,04:40.730,呢因为它是从规范控制角度啊，而我们的自然语言标语基本上那个标识都要来自于原始，那你说人工如何做主力分析，啊我想问一下，比如说现在这本书就给你让你选3~5个词来表明他的成功了，你会怎么办？,0,0,0
info_5,04:40.740,04:44.140,你是如何来做主题分析的？,0,0,0
info_5,04:45.300,05:01.200,那有没有说老师就是这样，啊你看我读书的时候，我首先看一下他的成名，吧然后呢我会看一下他的怎么样，看一下他的目录，呀然后我再看一下他的摘要啊对吧？,0,0,0
info_5,05:01.210,05:41.280,好，其实到这里我就基本上这本书讲的主要的内容不清楚，啊但是细节内容还不是很清楚，细节内容要怎么样，啊就到每家每组里面再去，就这样，吧所以我们的编辑人员也是这样的，呀他需要拿到一本书，他就要有这个过程来做主题分析，当然它的主题分析更复杂，它有规范在里面，比如说这个主题是一个复合主题，啊是一个链接主题，啊还是一个单一主题，啊还会有这样的一个主题的结果，那么这个结果出来之后呢就来跟我们词表来进行对应，进行转换，最后来进行答应。,0,0,0
info_5,05:41.810,05:59.970,具体的流程我们来说了，我们放到五六两张来讲好，那比如说你看我现在给的大家这两个很简单的例子，就跟我刚才说你们要把题审明白一样的道理，如果我只是给你这本这个书的书名，你大概是不是也可以看得出来？,0,0,0
info_5,06:00.240,06:45.750,啊比如说像这本书，你大概试一下他做主题分析的话，你觉得他讲了几个主要内容，啊你看这本书的书名叫激光全息技术及其工业应用，那所以这本书第一个讲的是激光全新技术，他第二个就应该讲激光全球技术的应用，而且是在工业领域的应用，这两个必不可少都在讲，所以这本书我们把它叫做多主题的文献，还有两个主题，而且呢两个主题中间的第二个主题跟第一个主题不一样，第一个主题我只要单纯把这个技术介绍清楚就可以了，对吧？,0,0,0
info_5,06:45.760,07:10.110,而第二个主题呢它是一种关系，也就是工业和这种技术的应用关系，它叫链接主题，这个后面我们再讲好，那下面这个呢下面这个还有几个主题，就如果这个给你写写文章，你写成什么样的才符合他这个名字。,0,0,0
info_5,07:11.970,07:20.630,黄河你只有资料分清楚了，你的框架才清楚，啊这跟我刚才讲的有关系的。,0,0,0
info_5,07:21.400,07:31.950,其实这个地方讲的是黄海的生物资源，渤海的生物资源，以及黄海生物资源的栖息环境和渤海生物资源的栖息。,0,0,0
info_5,07:33.480,07:48.820,说的没错吧？所以这本书的核心内容，我虽然没有给你啊没有有些书提名看不出来，有些书书名就可以看得出来，到底讲什么好那具体呢我们把它放到五六两张来表示一下。,0,0,0
info_5,07:48.920,07:57.790,其实人工非要有啊做主题分析，不仅仅要能够表达内容特征的关键概念，不是把概念找出来就够了，我们还要掌控之间的关系。,0,0,0
info_5,07:57.970,08:15.490,说刚才激光全息技术和工业之间它是有关系的，你不能把它单独拆开的，它是有应用关系，除了有应用，我们是不是还有什么影响啊各种各样的这种关系，那你就不要做偏，喽那你做应用就做英语关系，不要做别的关系。,0,0,0
info_5,08:16.750,08:22.920,刚才说的依赖于编雇人员，因为他是人工的嘛对吧？,0,0,0
info_5,08:22.930,08:48.330,编目人员员工人员，比如说他的知识结构，他就是我在再看一下他的知识结构知识结构，包括他对这个领域熟不熟悉，他对我们的这个专业词表规范词表词表熟不熟悉的问题。,0,0,0
info_5,08:48.520,08:59.650,那么同时呢还有一个很深层次的主题报告公司的原因是就内容本身就比较复杂，对不对？,0,0,0
info_5,08:59.660,09:13.280,也就是因为我们现在有很多学科交叉，这是以科学的发展，而且呢研究越来越细越来越深，一个人他总了解是有限的，他可能有一组，他本身对吧？,0,0,0
info_5,09:13.290,09:16.760,所以主题不好分析还可以再展开，还有吗？,0,0,0
info_5,09:18.860,09:48.980,工作量工作量大，你想一篇论文一本书都是靠人看翻，然后给他词，那这个速度可想而知啊，包括把Mark这个标准加上去，我不是说嘛像我的大学同学，当然他们现在很多不在边控部，他们以前以前在变控库，一天大概15本书15本，大家想想是一个夜晚，就一个人做15本那个记录，包括这个主题这样一个过程15本。,0,0,0
info_5,09:49.210,10:03.770,那你想一下，每天如果把这种方法用在我们网络资源上，那简直是不可能的，我们每一秒都产生多少多少TD的这样的数据，你用这种方法来做好，那么还有吗？,0,0,0
info_5,10:06.090,10:12.210,还有没有人工人工的这种表演？除了工作量大，还有没有？,0,0,0
info_5,10:13.470,10:19.210,工作量大，当然也我还可以再加一个上面的速度的问题，对吧？,0,0,0
info_5,10:19.220,10:28.380,好，然后你们不觉得受控标引受控标引标引出来标识好不好？,0,0,0
info_5,10:28.390,10:30.700,跟编目人员有关系，同时跟什么有关系？,0,0,0
info_5,10:30.890,10:50.820,嗯啊跟这个表有关系，啊也就如果我这个纸表编的都不好的话，规范词表词表编撰是不是会影响？,0,0,0
info_5,10:50.930,11:01.230,也就等于说我选择的这个工具很重要，啊如果这个工具本身比如说有些时该收和没收，有些直接关系呢该接受没接受，那我怎么不规范？,0,0,0
info_5,11:01.520,11:14.530,呢就像我说红楼梦你的你那个还就是林黛玉，可是他就是没有我写出来，那我碰到林妹妹，我只能表演成林妹妹，其实比较规范的应该是林黛玉才对，对吧？,0,0,0
info_5,11:14.540,11:21.150,所以你的词表编的好不好，会直接影响呀那扭边方法实现词表怎么变。,0,0,0
info_5,11:21.260,11:33.430,原来都是印刷版本的一套词表n多本，那后来现在都是网络词表了，网络词表它是有自动更新的，这个我们后面再来讲吧好，还有没有别的问题？,0,0,0
info_5,11:35.920,12:02.460,也就它适合的资源不太一样，大家想一下我们之前讲的那些人工搜狐标语，你看基本上都是以规范的这种文献的发布论文，我们论文比如说像医学领域医学领域的论文，专门有个词叫艾米耶再去，所以医学领域在检索的时候要对那个词表非常熟悉，我们不是有很多学校开医学心理学吗？,0,0,0
info_5,12:02.620,12:19.020,他们就是要学习也要学习语词感的，因为在医学领域文献连锁，你不熟悉那个糍粑的检索结构不太好，因为他很多的文献都是做过规范的这种标语的，啊你看不管怎么样，图书期刊这些是不是都是规范出版的？,0,0,0
info_5,12:19.290,12:56.240,那我们还有那么多的数字化资源，啊像我们的网页，呀现在还有我们的多媒体的一些资源，呢还有我们微博的那么短的嗯那怎么来做这个内容特征提取，呢如果不可能，而且它确实不适合呀不适合那我是集结合大家啊讲的就是人工售目标语面临这么多的挑战，那我们就来做，受控不好做，那做飞控自然表现就是我刚才说的日常生活中经常使用语言，还包括我们信息资源本身存在的那些状态什么不用。,0,0,0
info_5,12:56.680,13:18.670,好，那么要把另外一个词放进来，我们刚才自然语言标引自然自然语言表演是从什么分类的角度，请自然原标语是否受控的角度，而自动呢是从表演主体来讲的话不要弄混了，啊你不要说自然语言表演一定是自动表演，这对吗？,0,0,0
info_5,13:18.680,13:43.590,不对，呀自然语表演也可以人工标，啊你可以人工看一下T恤尺标啊没有问题，啊这是两种不同的分类的维度，不要把它搞混了，而自动表演指的是由计算机自动完成，那就等于说自动表演既可以是受控也也不同，但是你觉得这种表演飞控多还是受众多受众多？,0,0,0
info_5,13:44.990,14:39.630,啊自动标引肯定是飞控多，呀因为你想人那个计算机哪像人的占到4块那么复杂，呀所以你想让他看词表做规范很难的，所以大部分的自动表演都是被控的，所以为什么很多同学会把自动表演和自然语言表演弄混，呢就是因为我们大部分的自然语言表演都是自动完成的，而大部分的自动标引都是自然而然的，但其实现在这个情况已经发生改变了，包括百度这一类搜索引擎，它背后的标语都不是单一访问，你它背后既有既有这个自然语言标语，也有受控标语，只不过他用的手段跟我们传统不太一样，这个我们到后面再来讲，好自然语言表演的关键呢啊是自然原处理，为什么这样说？,0,0,0
info_5,14:39.640,14:45.020,呢大家想一下，像我刚才看那本书，你我是怎么来分析它主题的？,0,0,0
info_5,14:45.030,14:57.810,呢刚才不是说唉我要看看他的提名，看看他的摘要，看看他的目录，不是从这样的很多核心的这样的特征里面来找到适合的这个字的。,0,0,0
info_5,14:58.470,15:10.320,那我们想如果想让计算机也理解一本书或者理解一篇网页，那你首先要告诉他什么是什么，那计算机学的怎么做才能理解吗？,0,0,0
info_5,15:13.660,15:14.680,大家想过吗？,0,0,0
info_5,15:17.360,15:39.180,比如说像刚才那个那个我们学院的那篇新闻，我怎么让计算机知道其中哪些是重点的这个主题功能，嗯你给他的是一一一段的这个文本，我们把这种文本就叫非结构化，前面不是提结构化对吧？,0,0,0
info_5,15:39.190,15:45.060,这就是非结构化的，你给计算机它就是一长段的容忍那他怎么办？,0,0,0
info_5,15:46.400,15:49.400,好，有同学说分词你们同意吗？,0,0,0
info_5,15:49.850,15:55.150,你想一下你学某种语言的时候，你为什么现在就能够理解的原理？,0,0,0
info_5,15:55.160,15:59.400,呢其实你是有学习的过程，你是怎么学的？,0,0,0
info_5,15:59.410,16:02.140,你先学的是字对吧？,0,0,0
info_5,16:02.150,16:26.010,然后学的是词，然后学句，然后再到段，你看那小学生一年级要看图写画书写一段话，你到后面就越写越长，其实你学习的过程你教会计算机就可以了，呀计算机就可以模仿你这个学习过程，那所以我们要字对计算机来说是比较容易处理的，嗯大家想过吗？,0,0,0
info_5,16:26.190,16:47.130,字计算机来说是比较容易处理的，而且呢这个字和在不同的语言中间含义还不一样，大家想一下你看英语里面Information它是一个单词，但它本身就已经是词的意思，啊想过没有？是不是？,0,0,0
info_5,16:47.140,16:55.420,而我们中文里面的信息呢它是两个字，一个词是有区别的，吧嗯。,0,0,0
info_5,16:55.800,17:17.420,好，那么我们需要把这些语言学的规则告诉计算机，所以他们在英语不存在这个分子问题，而我们中文就存在分词问题，而且分词的时候我们是会有很多歧义在里面，那如何处理这些歧义，如何分词，如何在分子以后处理这些歧义是你代理的。,0,0,0
info_5,17:18.270,17:36.410,首先你看我表演还没有开始，我第一步就去了，那其实我们现在看来这个问题已经解决了，而且解决得非常好，但在早期的时候，对于我们计算机业界的专家来说非常非常非常重要，这个我们后面会讲这个过程。,0,0,0
info_5,17:36.560,18:31.780,好，我们还是回到刚才这个问题，说是一组织是非常重要的，这个我怎么让计算机能够分成起来，设定一些字段，我们可以说我我能不能理解说这个字图案的意思就是一些图范，其实你想说的就是词，吧你觉得我可以先设定一些词的列表，比如说这个折列表中间包括信息，包括组织，包括事，包括重要这样的词，那那问题是我们计算机怎么来把它分开，呢那这个就跟数据结构有关了，对呀这个数据结构有关了，也就我给你一段文本，怎么快速的把这段文本依据我的指点把它切分哪个效率最高，对不对？,0,0,0
info_5,18:31.790,18:48.760,那其实我们有一些经典的算法，下节课我们会讲，啊但是我们应该快下课了，吧我们这节课先把分词涉及到的问题给大家写几个，也就除了我们要有个词典，我们这个怎么解决？,0,0,0
info_5,19:00.280,19:19.580,这个怎么办？也就是你们所有的词典好好我给你一个指点，给你磁铁，但是这个问题也解决不了，啊你看我的磁铁中间结合这个词合成这个词分子式的词，它都在呀我们的计算机拿到这么短的一个文本来分的时候，他到底按哪个分？,0,0,0
info_5,19:19.590,19:29.130,啊你看你来读的时候，因为你是有基础，你可能会说结合成对吧？,0,0,0
info_5,19:29.140,19:53.430,成在中间结合成分数，是不是比较顺呢啊是比较顺，但是计算机不知道，呀所以光有词典解决不了的问题，你看这种歧义，第二个呢好，假定我的词表里有研究和研究生两个也有生物这个词，你看怎么办？,0,0,0
info_5,19:53.440,20:08.650,我研究生期间是研究生物的，那好，有同学说把那个研究去掉，ok好，研究去掉就变成了我研究生期间是研究生，是不是就变成这样了？,0,0,0
info_5,20:10.240,20:27.720,嗯也不行，我们把这种歧义叫做焦急型歧义，焦急型奇异呢中间有个捣蛋鬼，嗯你这捣腾鬼他墙头长，他左边右边都可以，所以这叫交集型，叫a加b的这样一种和奇异关系。,0,0,0
info_5,20:28.430,20:31.410,好，除了这种歧义分词还有没有别的歧义？,0,0,0
info_5,20:34.720,20:37.730,啊为什么第二章要讲语言学呢？,0,0,0
info_5,20:38.230,20:53.550,用不同的语言有自己不同的语言特征，我既然想让计算机来做这个自动标语，那我就要把这个源特征告诉他，告诉他之后，我们的计算机才能够学得像人一样的去理解这个垄断。,0,0,0
info_5,20:53.560,21:07.910,呀好，那我们现在回到如果是英文的话是比较容易处理，吧英文怎么处理你看Information organization它是信息组织，对吧？,0,0,0
info_5,21:07.920,21:51.780,其实是有两个词的，但是这两个词中间就一个空格，吧那我们计算机在做的时候蛮简单，啊一扫，大家知道空格的阿斯伽马值，他是很容易判断的，他碰碰到一个空格就证明他抽了一个词出来了，那有同学老师你还没有讲到说嗯这个词要不要作为表演词，这个后面再讲，我先把第一部词说出来再说那中文怎么办呢，就英语我们解决了像英语类似的语言都一样，啊因为他有空格的，我们的计算机在一扫描的时候碰到空格的阿斯卡码，其实我就说噢这个词结束了，我就把它抽出来。,0,0,0
info_5,21:52.000,22:07.840,那比如说Information organization，这个嗯比如说Information organization is very important这个技术，那对于计算机来说，它就是变成了12345个词了，这个很容易吧好那中文。,0,0,0
info_5,22:07.850,22:16.200,呢比如说信息总结是非常重要的，那我们想要计算机来分怎么办？,0,0,0
info_5,22:22.680,22:31.190,这是你要解决的问题，我刚才说了人学习语言的过程是这个样子的，你不让计算机学就让他直接跑吗？不可能啊对不对？,0,0,0
info_5,22:31.200,23:09.190,他要学习这个过程，啊所以我们说刚才讲自然语言处理一定要遵循语言自身的特点，我们的中文呢是一种粘着性的语言，就是从语法的角度来讲，它是一种粘稠性的问题，它首先面临的就是根子问题，只是我们刚才说的，你看这个也是一样的，啊请这个是应该请把手拿开，而这个呢是这个门砸手坏了，甚至我还可以把门打手做一个词这个门把手坏，这跟我刚才讲的哪个概念有关？,0,0,0
info_5,23:09.890,23:15.420,这个门把手把手刚才提了一个概念叫什么？,0,0,0
info_5,23:16.360,23:27.530,叫分词的力度，表演的力度力度，也就这是一个混合的词，我是把它合成一个还是把它分开？,0,0,0
info_5,23:28.200,23:36.290,呢它是影响检索的，你们回想一下你们使用知网，你纠不纠结你输入复核词的时候是拆开还是不拆开？,0,0,0
info_5,23:36.580,23:54.260,你肯定纠结过是一样的，呀就像你在表演内容的人太纠结啊它到底合合在一起呢还是分开，呢那我们后面会讨论这个不是绝对的，即将按场景来，而且再按场景来也达不到百%的检索系统，现在没有百%完美。,0,0,0
info_5,23:54.800,23:59.140,好，那这种歧义大家还可以举个例子，我记得我给你们举过吗？,0,0,0
info_5,23:59.150,24:16.840,啊交集型歧义不是组合型，组合型的最经典的例子是这个中将你看我输入中将的时候，其实我的目标呢就是查一个军衔，他们会连在一起，为什么？,0,0,0
info_5,24:16.850,24:35.450,呢因为你看我们这个中和江就像我们回到这个含义，你要弄清楚啊就是这个组合型歧义是怎么来的呢怎么来的，大家想一下是跟磁性语说得非常好，那磁性有关的一。,0,0,0
info_5,24:35.460,24:46.710,第二个呢就是我们这两个字，呢它在这个句子中间我把它是分的单一的字，它跟前后都没有关联，对不对？,0,0,0
info_5,24:46.720,25:05.950,但是呢他们两个在一起又是不含义，就像我们刚才说的2021中江这个综合将跟前面的2021跟后面的江后面的那种也有关系，那他们两个在一起就有关系，所以这样才会出现这种组织群体。,0,0,0
info_5,25:07.000,25:14.700,但这种组合性歧义呢啊我想问大家下课猜了一下，你觉得这两种歧义这个哪种好解决问题？,0,0,0
info_5,25:16.540,25:29.320,就如果用计算机来解决这个问题的话，哪一种好解决的问题，为什么呢嗯大家都认为交集型歧义容易解决一些？,0,0,0
info_5,25:32.660,25:36.990,啊你们说的很对，确实是交集形式容易处理，为什么？,0,0,0
info_5,25:37.000,26:06.080,呢因为交际性歧义扫描方向不一样，结果不一样，它计算机是可以我扫一遍又小一遍，你发现不一样，我再来排一下，排一下哪种更合理，而我们组合型题多少又少，都没有用看到没有都没有用，所以呢一般情况下啊骨骼型企业难处一些，所以为什么我刚才举这个例子查交际信息，但肯定能做到的。,0,0,0
info_5,26:06.680,26:08.830,下去可以看一下，好我们这一个阶段。,0,0,0
